Workbook

Sheet Index
A1: Asia Eateries - Singapore, Malaysia, Thailand
A3: Tab | B3: What's in it | C3: Records
A4: Master List | B4: Everything in one filterable table. | C4: =COUNTA('Master List'!$G$2:$G$1256)
A5: SG · Omakase & Japanese | B5: Sushi, kappo, kaiseki, yakitori and modern Japanese counters. | C5: =COUNTA('SG · Omakase & Japanese'!$C$2:$C$53)
A6: SG · Noodles & Hawker | B6: Bak chor mee, wanton, prawn mee, laksa, fishball, beef, fried kway teow, Hokkien mee. | C6: =COUNTA('SG · Noodles & Hawker'!$C$2:$C$34)
A7: SG · Rice, Soup & Porridge | B7: Chicken rice, claypot rice, bak kut teh, fish soup, soups, congee, kway chap, yong tau foo. | C7: =COUNTA('SG · Rice, Soup & Porridge'!$C$2:$C$39)
A8: SG · Zi Char & Seafood | B8: Cooked food / zi char, Chinese restaurants and seafood. | C8: =COUNTA('SG · Zi Char & Seafood'!$C$2:$C$35)
A9: SG · Indian, Malay & Peranakan | B9: Indian, biryani, nasi lemak, Malay and Peranakan. | C9: =COUNTA('SG · Indian, Malay & Peranakan'!$C$2:$C$14)
A10: SG · Snacks, Kueh & Sides | B10: Oyster omelette, carrot cake, curry puffs, kueh, patisserie, tea. | C10: =COUNTA('SG · Snacks, Kueh & Sides'!$C$2:$C$14)
A11: SG · International & Western | B11: Italian, Spanish, French, Thai, Korean, steakhouses, modern Singaporean. | C11: =COUNTA('SG · International & Western'!$C$2:$C$71)
A12: MY · Fine Dining & Japanese | B12: Omakase counters across KL, Penang and JB. | C12: =COUNTA('MY · Fine Dining & Japanese'!$C$2:$C$31)
A13: MY · Modern & Western | B13: MICHELIN-starred and Selected modern Malaysian, European and steakhouses. | C13: =COUNTA('MY · Modern & Western'!$C$2:$C$80)
A14: MY · Noodles Egg & Pan Mee | B14: Wantan mee, pan mee / ban mian, pork noodles, hakka, fishball. | C14: =COUNTA('MY · Noodles Egg & Pan Mee'!$C$2:$C$163)
A15: MY · Noodles Fried & Wok | B15: Char kuey teow, Hokkien mee, fried rice. | C15: =COUNTA('MY · Noodles Fried & Wok'!$C$2:$C$103)
A16: MY · Noodles Soup & Laksa | B16: Curry mee, assam and Sarawak laksa, prawn, beef, fish head, koay teow th'ng. | C16: =COUNTA('MY · Noodles Soup & Laksa'!$C$2:$C$172)
A17: MY · Rice, Claypot & Congee | B17: Chicken rice, claypot, nasi lemak, congee. | C17: =COUNTA('MY · Rice, Claypot & Congee'!$C$2:$C$96)
A18: MY · Bak Kut Teh | B18: Bak kut teh, dry and soup. | C18: =COUNTA('MY · Bak Kut Teh'!$C$2:$C$39)
A19: MY · Seafood & Hotpot | B19: Steamed fish head, hotpot, seafood restaurants. | C19: =COUNTA('MY · Seafood & Hotpot'!$C$2:$C$42)
A20: MY · Roast Duck & Yong Tau Foo | B20: Roast and Teochew stewed duck, yong tau foo. | C20: =COUNTA('MY · Roast Duck & Yong Tau Foo'!$C$2:$C$33)
A21: MY · Peranakan & Malay | B21: Nyonya, Baba and Malay kitchens. | C21: =COUNTA('MY · Peranakan & Malay'!$C$2:$C$27)
A22: MY · Indian & South Asian | B22: Indian, Sri Lankan and South Asian. | C22: =COUNTA('MY · Indian & South Asian'!$C$2:$C$28)
A23: MY · Tai Chow & Kopitiam | B23: Tai chow spots and kopitiam / street hawker fare. | C23: =COUNTA('MY · Tai Chow & Kopitiam'!$C$2:$C$169)
A24: MY · Snacks, Kueh & Desserts | B24: Nyonya kueh, apom, pancakes and sweets. | C24: =COUNTA('MY · Snacks, Kueh & Desserts'!$C$2:$C$10)
A25: MY · Bars & Cocktails | B25: Asia's 50 Best Bars entries. | C25: =COUNTA('MY · Bars & Cocktails'!$C$2:$C$3)
A26: TH · Bangkok | B26: Bangkok noodles, Isaan, Thai-Chinese, seafood, bars and dessert. | C26: =COUNTA('TH · Bangkok'!$C$2:$C$20)
A27: Other · Travel & Unplaced | B27: Entries whose city could not be confirmed. | C27: =COUNTA('Other · Travel & Unplaced'!$C$2:$C$2)
A28: TOTAL (tabs) | C28: =SUM(C5:C27)

Sheet Master List
A1: # | B1: Source | C1: Country | D1: City / State | E1: Food Type Category | F1: Cuisine / Style | G1: Name | H1: Area / Location | I1: Address | J1: Phone | K1: Typical Hours | L1: Accolades | M1: Price Guide (per pax) | N1: Instagram / Web | O1: What To Order / Signature | P1: Google Rating | Q1: Notes
A2: 1 | B2: Curated (verified) | C2: Singapore | D2: Singapore | E2: Japanese - Sushi Omakase | F2: Edomae sushi omakase | G2: Shoukouwa | H2: One Fullerton / Marina Bay | I2: 1 Fullerton Rd, #02-02A One Fullerton, Singapore 049213 | J2: +65 6423 9939 | K2: Tue-Sat 12:30-15:00, 18:00-22:30; Sun-Mon closed | L2: Two MICHELIN stars | M2: S$400-700+ | N2: shoukouwa.com.sg | O2: Pristine Edomae nigiri course; rare seasonal white fish | P2: 4.5 | Q2: Eight-seat hinoki counter overlooking Marina Bay. Ten years in operation. Fish flown from Toyosu.
A3: 2 | B3: Curated (verified) | C3: Singapore | D3: Singapore | E3: Japanese - Sushi Omakase | F3: Edomae sushi omakase | G3: Sushi Sakuta | H3: Millenia Walk | I3: 9 Raffles Blvd, #01-06/07/08 Millenia Walk, Singapore 039596 | J3: +65 9863 9302 | K3: Tue-Sun 12:30-15:00, 19:00-22:30 (Thu dinner only); Mon closed | L3: Two MICHELIN stars | M3: S$400-700+ | N3: - | O3: Seasonal nigiri course built entirely on Japanese fish | P3: 4.8 | Q3: Chef Yoshio Sakuta. Five-metre hinoki counter, 8 seats - book roughly a month ahead. Relocated from Kempinski.
A4: 3 | B4: Curated (verified) | C4: Singapore | D4: Singapore | E4: Japanese - Sushi Kappo | F4: Edomae sushi + seasonal kappo | G4: Hamamoto | H4: Tras Street / Tanjong Pagar | I4: 58 Tras St, Singapore 078997 | J4: +65 9672 7110 | K4: Tue-Sat 12:00-15:00, 18:30-23:00; Sun-Mon closed | L4: One MICHELIN star | M4: S$300-500 | N4: - | O4: Ise ebi and Yoichi murasaki uni with kaluga caviar | P4: 4.9 | Q4: Chef Kazuhiro Hamamoto (Kyoto). Singapore's only curved hinoki counter, 12 seats. Hard to book.
A5: 4 | B5: Curated (verified) | C5: Singapore | D5: Singapore | E5: Japanese - Sushi Omakase | F5: Edomae sushi omakase | G5: Shinji by Kanesaka | H5: Bras Basah / Carlton Hotel | I5: 76 Bras Basah Rd, Singapore 189558 | J5: +65 6338 6131 | K5: Lunch and dinner seatings; confirm on booking | L5: One MICHELIN star | M5: S$200-400+ | N5: shinjibykanesaka.com | O5: 15-piece sushi set (approx. S$200++); Yume omakase | P5: 4.6 | Q5: Ginza Kanesaka lineage, in Singapore since 2010 - one of the longest-standing omakase counters here. A second outpost operates at The St. Regis.
A6: 5 | B6: Curated (verified) | C6: Singapore | D6: Singapore | E6: Japanese - Sushi Omakase | F6: Edomae sushi omakase | G6: Ginza Sushi Ichi | H6: Orchard / Marriott Tang Plaza | I6: 320 Orchard Rd, #01-04 Singapore Marriott Tang Plaza Hotel, Singapore 238865 | J6: +65 6235 5514 | K6: Tue-Sun 12:00-14:30, 18:00-22:30; Mon closed | L6: One MICHELIN star (retained a decade) | M6: S$200-450 | N6: - | O6: Botan lunch omakase; smoked tuna cheek; seasonal hamaguri clam | P6: 4.6 | Q6: Otoro only appears on the higher-priced menus. Private room available.
A7: 6 | B7: Curated (verified) | C7: Singapore | D7: Singapore | E7: Japanese - Sushi Omakase | F7: Edomae sushi omakase | G7: Sushi Kimura Plus | H7: Cuscaden Road / Conrad Singapore | I7: 1 Cuscaden Rd, #01-03 Conrad, Singapore 249715 | J7: +65 8977 5027 | K7: Tue-Sun, lunch 12:30-14:30 and dinner 19:00-21:30 (varies by day); Mon closed | L7: Chef held one MICHELIN star at previous restaurant | M7: S$380 dinner set | N7: - | O7: Spear-hunted fish; Yura uni; ankimo | P7: 4.7 | Q7: Chef Tomoo Kimura's return after the original Sushi Kimura at Palais Renaissance closed in 2024. Eight seats, every piece made by the chef himself. Rice recipe now less sweet.
A8: 7 | B8: Curated (verified) | C8: Singapore | D8: Singapore | E8: Japanese - Sushi Omakase | F8: Edomae sushi omakase | G8: Sushi Ayumu by Masa Ishibashi | H8: Mandarin Gallery / Orchard | I8: 333A Orchard Rd, #04-16 Mandarin Gallery, Singapore 238897 | J8: +65 9159 0102 | K8: Tue-Sun 12:00-15:00, 18:30-22:30; Mon closed | L8: MICHELIN Guide listed | M8: S$250-450 | N8: - | O8: Chef's premium selection; flamed toro nigiri | P8: 4.6 | Q8: Extensive sake and wine list.
A9: 8 | B9: Curated (verified) | C9: Singapore | D9: Singapore | E9: Japanese - Sushi Omakase | F9: Edomae sushi omakase | G9: Sushi Mitsuya | H9: Tras Street / Tanjong Pagar | I9: 60 Tras St, #01-01, Singapore 078999 | J9: +65 6438 2608 | K9: Lunch and dinner; confirm on booking | L9: MICHELIN Guide listed | M9: From S$130 (Umi) to S$300+ | N9: - | O9: Umi omakase; seasonal and unusual fish selection | P9: 4.4 | Q9: Open over a decade. Reservations can need a month's lead time. Menu was revised recently - recent reviews are mixed.
A10: 9 | B10: Curated (verified) | C10: Singapore | D10: Singapore | E10: Japanese - Sushi Omakase | F10: Edomae sushi omakase | G10: Sushi Sato | H10: Dempsey Hill | I10: 6B Dempsey Rd, Singapore 247662 | J10: +65 8380 3830 | K10: Tue-Sun 12:00-15:00, 18:30-22:30; Mon closed | L10: MICHELIN Guide listed | M10: S$250-450 | N10: - | O10: Seared baby tuna with uni; grilled rock fish with mountain yam | P10: 4.9 | Q10: Nine-seat counter, quiet end of Dempsey. Chef Sato is personable. Note Chef Kawana has departed.
A11: 10 | B11: Curated (verified) | C11: Singapore | D11: Singapore | E11: Japanese - Sushi Kappo | F11: Kappo omakase | G11: Nishikane | H11: Tras Street / Tanjong Pagar | I11: 78 Tras St, #01-01, Singapore 079017 | J11: +65 9179 4355 | K11: Mon-Sat 12:00-14:00, 18:00-22:30; Sun closed | L11: MICHELIN Guide listed | M11: S$250-450 | N11: - | O11: Seasonal themed degustation; uni; Omi beef; ice-bowl somen | P11: 4.8 | Q11: Chef Nobuhiro Nishi. Highly theatrical, seasonal presentation - Kyoto sensibility.
A12: 11 | B12: Curated (verified) | C12: Singapore | D12: Singapore | E12: Japanese - Sushi Omakase | F12: Edomae sushi omakase | G12: Sushi Masa by Ki-setsu | H12: Cuppage Plaza / Orchard | I12: 5 Koek Rd, #06-03 Cuppage Plaza, Singapore 228796 | J12: +65 9752 5851 | K12: Tue-Sat 19:00-22:00; Sun-Mon closed | L12: Widely rated among Singapore's best value counters | M12: From S$230 (Hotaru, 16+ courses) | N12: - | O12: Anago; negitoro monaka; otoro aburi; add-on scallop | P12: 4.9 | Q12: Eight seats, hidden inside an ageing Orchard mall. The 'Hiseki' menu is private bookings or Sundays only, roughly three weeks' notice.
A13: 12 | B13: Curated (verified) | C13: Singapore | D13: Singapore | E13: Japanese - Sushi Omakase | F13: Edomae sushi omakase | G13: Sushi Muni | H13: International Plaza / Tanjong Pagar | I13: 10 Anson Rd, #02-28 International Plaza, Singapore 079903 | J13: +65 8492 6387 | K13: Mon-Sat, lunch 12:00-14:30 and dinner 18:00-22:00 (Mon dinner only); Sun closed | L13: - | M13: Approx. S$200++ dinner | N13: - | O13: Muni omakase; off-menu uni ice cream | P13: 4.9 | Q13: Chef Chon (ex-Miraku). No soy sauce for dipping - each piece is finished by the chef. Pick your own sake cup by zodiac sign.
... A38: 37 | B38: Curated (verified) | C38: Malaysia | D38: Kuala Lumpur | E38: Japanese - Sushi Omakase | F38: Edomae sushi omakase | G38: Sushi Ryu | H38: Platinum Park / KLCC | I38: Unit 3.3, Level 2, Platinum Park Tower 1, 11 Persiaran KLCC, 50088 Kuala Lumpur | J38: +60 3-2181 1533 | K38: Mon-Sat 12:00-15:00, 18:00-22:30; Sun closed | L38: Often cited as best value omakase in KL | M38: Lunch from RM279; dinner 'Sakura' from RM579 | N38: - | O38: Prawn sushi topped with foie gras; sake pairings | P38: 4.7 | Q38: Produce flown in Tuesday and Friday. Contemporary sushiya - truffle, caviar and wagyu alongside Japanese seafood.
A39: 38 | B39: Curated (verified) | C39: Malaysia | D39: Kuala Lumpur | E39: Japanese - Sushi Omakase | F39: Sushi omakase | G39: Manten Omakase | H39: Star Residences / Jalan Yap Kwan Seng | I39: Level 88, Tower 2 Rooftop, Star Residence, 1 Jalan Yap Kwan Seng, 53300 Kuala Lumpur | J39: +60 16-755 2200 | K39: Daily 11:30-14:30, 18:00-22:30 | L39: - | M39: Mid to upper range; Tsuyu menu | N39: 4.8 | O39: - | P39: Uni with ikura; seasonal ingredients flown from Japan | Q39: 4.8
A40: 39 | B40: Curated (verified) | C40: Malaysia | D40: Kuala Lumpur | E40: Japanese - Sushi Omakase | F40: Sushi omakase (halal-friendly) | G40: Kinome | H40: Lot 10 / Isetan The Japan Store | I40: 4th Floor, Isetan The Japan Store, Lot 10, 50 Jln Sultan Ismail, Bukit Bintang, 50520 Kuala Lumpur | J40: +60 12-320 4238 | K40: Daily 12:00-15:00, 18:00-23:00 | L40: - | M40: 'Kinome' 18-course set approx. RM398++ | N40: - | O40: 18-course omakase; fresh nigiri; Lot 10 Japanese cheesecake as dessert | P40: 4.9 | Q40: Reported to be fully halal - useful for mixed groups. Book ahead.
A41: 40 | B41: Curated (verified) | C41: Malaysia | D41: Kuala Lumpur | E41: Japanese - Sushi Omakase | F41: Edomae sushi omakase | G41: EDJU Omakase | H41: Damansara City Mall / Pusat Bandar Damansara | I41: G-19, Ground Floor, Damansara City Mall, 6 Jalan Damanlela, 50490 Kuala Lumpur | J41: +60 12-301 3060 | K41: Confirm on booking | L41: - | M41: Premium omakase; 20-piece sushi set approx. RM430++ | N41: @ed.ju_restaurant | O41: Edomae-style sushi and dessert course | P41: 4.3 | Q41: Reopened after a long renovation with a Michelin-experienced Japanese chef. Reviews on value are mixed - be clear about add-ons before ordering.
A42: 41 | B42: Curated (verified) | C42: Malaysia | D42: Kuala Lumpur | E42: Japanese - Multi-concept | F42: Omakase, teppanyaki, sushi counter | G42: Hanare Japanese Restaurant | H42: The Intermark / Jalan Tun Razak | I42: Vista Tower, 182 Jln Tun Razak, Kampung Datuk Keramat, 50400 Kuala Lumpur | J42: +60 12-286 0210 | K42: Confirm on booking | L42: - | M42: RM380++ omakase; weekend a la carte brunch | N42: - | O42: Omakase menu; chutoro and oysters from Toyosu; wagyu | P42: 4.4 | Q42: Sushi counter, bar, teppanyaki seating and private rooms. Menu changes seasonally. Accommodating for elderly guests and larger groups.
A43: 42 | B43: Curated (verified) | C43: Malaysia | D43: Kuala Lumpur | E43: Japanese - Modern | F43: Progressive Japanese tasting menu | G43: Kikubari | H43: Damansara City Mall / Pusat Bandar Damansara | I43: L3-01A, Damansara City Mall, Jalan Damanlela, Pusat Bandar Damansara, 50490 Kuala Lumpur | J43: +60 13-362 4546 | K43: Confirm on booking | L43: Award-winning progressive Japanese | M43: Signature tasting menu | N43: - | O43: Signature tasting menu; fruit tomato amela; strong vegetarian options | P43: 4.2 | Q43: French-Japanese, tapas-style rather than classical omakase. Rooftop of DC Mall with Japanese sand-art floor. Confirm signature dishes are available.
A44: 43 | B44: Curated (verified) | C44: Malaysia | D44: Kuala Lumpur | E44: Japanese - Modern | F44: Nobu-style Japanese-Peruvian | G44: Nobu Kuala Lumpur | H44: Four Seasons Place / Jalan Ampang | I44: L4A-05, Level 4A, Shoppes at Four Seasons Place, 145 Jln Ampang, 50450 Kuala Lumpur | J44: +60 3-2380 0028 | K44: Daily 11:45-14:00, 18:00-22:00 | L44: International Nobu group | M44: RM400-800 | N44: - | O44: Yellowtail jalapeno; new-style sashimi; black cod; omakase on request | P44: 4 | Q44: Creative rather than purist. Portions run small for the price. Request a window table.
A45: 44 | B45: Curated (verified) | C45: Malaysia | D45: Kuala Lumpur | E45: Japanese - Multi-concept | F45: Japanese fine dining, teppanyaki, sushi | G45: Iketeru | H45: Hilton Kuala Lumpur / KL Sentral | I45: Level 8, Hilton Kuala Lumpur, 3 Jalan Stesen Sentral, 50470 Kuala Lumpur | J45: +60 3-2264 2264 | K45: Daily 12:00-14:30, 18:30-22:30 | L45: Long-standing KL institution | M45: RM250-600 | N45: - | O45: Teppanyaki counter; unagi set; sashimi platters | P45: 4.5 | Q45: Reliable for business entertaining and larger tables rather than a pure omakase counter.
A46: 45 | B46: Curated (verified) | C46: Malaysia | D46: Kuala Lumpur | E46: Japanese - Modern | F46: Set menus with skyline views | G46: UMI Japanese Restaurant | H46: Imperial Lexis KL / Jalan Kia Peng | I46: Level 52, Imperial Lexis Kuala Lumpur, 15 Jalan Kia Peng, 50450 Kuala Lumpur | J46: +60 3-2177 1188 | K46: Mon-Sat 12:00-15:00, 18:00-23:00; Sun closed | L46: - | M46: RM250-500 | N46: - | O46: Seasonal set menus; chawanmushi with caviar; black cod with yuzu teriyaki | P46: 4.7 | Q46: 52nd floor with KLCC and KL Tower views. Corkage applies for outside cakes. Sky deck is residents-only.
A47: 46 | B47: Curated (verified) | C47: Malaysia | D47: Penang | E47: Japanese - Sushi Omakase | F47: Seasonal sushi omakase | G47: Kaishin Sushi Omakase | H47: George Town | I47: 69 Jalan Sri Bahari, George Town, 10050 Penang | J47: +60 14-228 8069 | K47: Tue-Sun 18:00-22:30; Mon closed | L47: Penang's standout omakase counter | M47: Mid to upper range | N47: - | O47: Seasonal Japanese dishes; nuanced vinegar work in the shari | P47: 4.9 | Q47: Small, discreet signage. Generous portions by omakase standards. Ingredients sourced directly from Japan.
A48: 47 | B48: Curated (verified) | C48: Malaysia | D48: Johor Bahru | E48: Japanese - Sushi Omakase | F48: Sushi omakase | G48: Kamii Sushi Omakase | H48: Eco Palladium / Taman Ekoflora | I48: 02-17, Block A, Pusat Perdagangan Ekoflora, Jln Ekoflora 7/3, Taman Ekoflora, 81100 Johor Bahru | J48: +60 18-461 1132 | K48: Tue-Sun 18:00-23:00; Mon closed | L48: Leading JB counter | M48: Mid range - strong value vs Singapore | N48: - | O48: Seasonal nigiri; yuzu radish; well-seasoned shari | P48: 4.9 | Q48: Black-and-gold modern room, counter seating. Reserve ahead. A practical option when crossing from Singapore.
A49: 48 | B49: Curated (verified) | C49: Thailand | D49: Bangkok | E49: Noodles - Beef | F49: Beef hotpot + beef noodles | G49: Heng Chun Seng | H49: Khlong Toei | I49: 133 Sunthonkosa Rd, Khlong Toei, Bangkok 10110 | J49: +66 97 017 7949 | K49: Mon-Tue 07:20-20:30; Wed-Sun 07:20-16:00 | L49: - | M49: Budget | N49: - | O49: Beef hotpot - order all the different cuts; beef tongue; braised shank; pork satay while waiting | P49: 4.6 | Q49: Traditional charcoal stoves. Long but fast-moving queue.
A50: 49 | B50: Curated (verified) | C50: Thailand | D50: Bangkok | E50: Noodles - Boat Noodles | F50: Boat noodles (kuay teow ruea) | G50: Toy Kuay Teow Ruea (Boat Noodles) | H50: Victory Monument / Ratchathewi | I50: Soi Ratchawithi 18, Thung Phaya Thai, Ratchathewi, Bangkok 10400 | J50: +66 81 619 1925 | K50: Daily 08:00-17:00 | L50: - | M50: From ~15 THB a bowl | N50: - | O50: The rich, earthy, spicy broth - order 4-6 small bowls; deep-fried pork skin | P50: 4.4 | Q50: Choose pork or beef, nam tok or tom yum, with or without soup. Cheapest around Victory Monument.
A51: 50 | B51: Curated (verified) | C51: Thailand | D51: Bangkok | E51: Noodles - Tom Yum | F51: Sukhothai-style noodles | G51: Ta Chai Sukhothai Noodles | H51: Old Town / Giant Swing | I51: 119/1 Thanon Bamrung Mueang, Sao Chingcha, Phra Nakhon, Bangkok 10200 | J51: +66 81 564 1497 | K51: Mon-Fri 06:00-13:30; Sat 06:00-14:00; Sun closed | L51: - | M51: Approx. 60 THB large bowl | N51: - | O51: Tom yum bamee haeng (dry egg noodle tom yum) with BBQ pork, long beans, crushed peanuts | P51: 4.5 | Q51: Superb tomyum noodles - specify non-spicy when ordering if needed.
... A81: 80 | B81: Curated (verified) | C81: Malaysia | D81: Kuala Lumpur | E81: Chinese - Seafood | F81: Claypot river fish, Guangxi-style seafood | G81: Xian Yu Xian Seafood Restaurant | H81: Taman Usahawan Kepong | I81: 37, Jalan Metro Perdana Timur 3, Taman Usahawan Kepong, 52100 Kuala Lumpur | J81: +60 12-988 1358 | K81: Daily 12:00-15:00, 17:00-22:00 | L81: - | M81: Approx. RM240 for a table of dishes | N81: - | O81: Claypot river red-tail catfish; pork belly sang mee; claypot water spinach; salted egg pork belly | P81: 4 | Q81: Bukit Tinggi-style claypot fish brought to Kepong - the kitchen promises to replace any fish that tastes muddy. Book ahead; parking fills by 19:00. Room is noisy.
A82: 81 | B82: MICHELIN / web guides (Jul 2026) | C82: Singapore | D82: Singapore | E82: SG Fish Soup & Fish Head | F82: Singapore hawker / local | G82: Boon Keng Road Fish Head Bee Hoon | H82: Bedok North | I82: 416 Bedok North Avenue 2, #01-53, Singapore 460416 | J82: - | K82: Daily 10:00-22:00 | L82: MICHELIN Bib Gourmand 2026 - NEW 2026 | M82: - | N82: - | O82: - | Q82: MICHELIN Guide Singapore Bib Gourmand 2026 (new entry). Despite the name it is in Bedok North, not Boon Keng. Also does poached or fried fish slices. Address and hours per DanielFoodDiary (@danielfooddiary), 28 July 2026.
A83: 82 | B83: MICHELIN / web guides (Jul 2026) | C83: Singapore | D83: Singapore | E83: SG Oyster Omelette & Carrot Cake | F83: Singapore hawker / local | G83: Hup Kee Fried Oyster Omelette | H83: Newton Food Centre | I83: 500 Clemenceau Avenue North, #01-73 Newton Food Centre, Singapore 229495 | J83: - | K83: Wed-Sat 17:30-00:00; Sun-Tue closed | L83: MICHELIN Bib Gourmand 2026 - NEW 2026 | M83: - | N83: - | O83: - | Q83: MICHELIN Guide Singapore Bib Gourmand 2026 (new entry). Started as a street stall. Address and hours per DanielFoodDiary (@danielfooddiary), 28 July 2026.
A84: 83 | B84: MICHELIN / web guides (Jul 2026) | C84: Singapore | D84: Singapore | E84: SG Hawker - Other | F84: Singapore hawker / local | G84: Jia Xiang | H84: - | I84: - | J84: - | K84: - | L84: MICHELIN Bib Gourmand 2026 - NEW 2026 | M84: - | N84: - | O84: - | Q84: MICHELIN Guide Singapore Bib Gourmand 2026 (97 establishments). Category inferred from the establishment name; address, phone and hours not yet verified.
A85: 84 | B85: MICHELIN / web guides (Jul 2026) | C85: Singapore | D85: Singapore | E85: SG Noodles - Laksa | F85: Singapore hawker / local | G85: King of Laksa | H85: - | I85: - | J85: - | K85: - | L85: MICHELIN Bib Gourmand 2026 - NEW 2026 | M85: - | N85: - | O85: - | Q85: MICHELIN Guide Singapore Bib Gourmand 2026 (97 establishments). Category inferred from the establishment name; address, phone and hours not yet verified.
A86: 85 | B86: MICHELIN / web guides (Jul 2026) | C86: Singapore | D86: Singapore | E86: SG Indian | F86: Singapore hawker / local | G86: Rajarani Thosai | H86: - | I86: - | J86: - | K86: - | L86: MICHELIN Bib Gourmand 2026 - NEW 2026 | M86: - | N86: - | O86: - | Q86: MICHELIN Guide Singapore Bib Gourmand 2026 (97 establishments). Category inferred from the establishment name; address, phone and hours not yet verified.
A87: 86 | B87: MICHELIN / web guides (Jul 2026) | C87: Singapore | D87: Singapore | E87: SG Soup - Herbal & Mutton | F87: Singapore hawker / local | G87: Seng Kee Black Chicken Herbal Soup | H87: - | I87: - | J87: - | K87: - | L87: MICHELIN Bib Gourmand 2026 - NEW 2026 | M87: - | N87: - | O87: - | Q87: MICHELIN Guide Singapore Bib Gourmand 2026 (97 establishments). Category inferred from the establishment name; address, phone and hours not yet verified.
A88: 87 | B88: MICHELIN / web guides (Jul 2026) | C88: Singapore | D88: Singapore | E88: SG Noodles - Bak Chor Mee | F88: Singapore hawker / local | G88: Tian Nan Xing Minced Pork Noodle | H88: - | I88: - | J88: - | K88: - | L88: MICHELIN Bib Gourmand 2026 - NEW 2026 | M88: - | N88: - | O88: - | Q88: MICHELIN Guide Singapore Bib Gourmand 2026 (97 establishments). Category inferred from the establishment name; address, phone and hours not yet verified.
A89: 88 | B89: MICHELIN / web guides (Jul 2026) | C89: Singapore | D89: Singapore | E89: SG Hawker - Other | F89: Singapore hawker / local | G89: Xiangyee | H89: - | I89: - | J89: - | K89: - | L89: MICHELIN Bib Gourmand 2026 - NEW 2026 | M89: - | N89: - | O89: - | Q89: MICHELIN Guide Singapore Bib Gourmand 2026 (97 establishments). Category inferred from the establishment name; address, phone and hours not yet verified.
A90: 89 | B90: MICHELIN / web guides (Jul 2026) | C90: Singapore | D90: Singapore | E90: SG Yong Tau Foo | F90: Singapore hawker / local | G90: Xiu Ji Ikan Bilis Yong Tau Fu | H90: Chinatown Complex | I90: - | J90: - | K90: - | L90: MICHELIN Bib Gourmand 2026 - NEW 2026 | M90: - | N90: - | O90: - | Q90: MICHELIN Guide Singapore Bib Gourmand 2026 (97 establishments). Category inferred from the establishment name; address, phone and hours not yet verified.
A91: 90 | B91: MICHELIN / web guides (Jul 2026) | C91: Singapore | D91: Singapore | E91: SG Kway Chap & Braised Duck | F91: Singapore hawker / local | G91: Yi Pin Wei Braised Duck Kway Chap | H91: - | I91: - | J91: - | K91: - | L91: MICHELIN Bib Gourmand 2026 - NEW 2026 | M91: - | N91: - | O91: - | Q91: MICHELIN Guide Singapore Bib Gourmand 2026 (97 establishments). Category inferred from the establishment name; address, phone and hours not yet verified.
A92: 91 | B92: MICHELIN / web guides (Jul 2026) | C92: Singapore | D92: Singapore | E92: SG Noodles - Bak Chor Mee | F92: Singapore hawker / local | G92: A Noodle Story | H92: Amoy Street Food Centre | I92: - | J92: - | K92: - | L92: MICHELIN Bib Gourmand 2026 - 10-edition stalwart | M92: - | N92: - | O92: - | Q92: MICHELIN Guide Singapore Bib Gourmand 2026 (97 establishments). Category inferred from the establishment name; address, phone and hours not yet verified.
A93: 92 | B93: MICHELIN / web guides (Jul 2026) | C93: Singapore | D93: Singapore | E93: SG Noodles - Prawn Mee | F93: Singapore hawker / local | G93: Adam Road Noo Cheng Big Prawn Noodle | H93: Adam Road Food Centre | I93: - | J93: - | K93: - | L93: MICHELIN Bib Gourmand 2026 | M93: - | N93: - | O93: - | Q93: MICHELIN Guide Singapore Bib Gourmand 2026 (97 establishments). Category inferred from the establishment name; address, phone and hours not yet verified.
... A965: 964 | B965: Malaysia Chiak (Mar 2024) | C965: Malaysia | D965: (state not stated) | E965: Taichow Spots | F965: Malaysian / Chinese-Malaysian hawker | G965: Mei Wei Littke Kitchen | H965: - | I965: - | J965: - | K965: - | L965: - | M965: - | N965: - | O965: Seksyen17 PJ | Q965: From the Malaysia Chiak list (Mar 2024) - address, hours and contact not independently verified.
A966: 965 | B966: Curated (verified) | C966: Singapore | D966: Singapore | E966: SG International & Western | F966: Modern Singaporean | G966: Province | H966: Joo Chiat / Katong | I966: 153 Joo Chiat Rd, 808 Eating House, Singapore 427431 | J966: +65 8075 1896 | K966: Wed-Sun 12:30-15:30, 19:00-23:00; Mon-Tue closed | L966: Tatler Singapore 2025 & 2026 | M966: - | N966: @province.sg / linktr.ee/province.sg | O966: Tasting menu built on local and regional produce; wine and sake or non-alcoholic pairing | P966: 4.8 | Q966: Speakeasy-style room inside an eating house, run by three local chefs (incl. Chef JJ). Farm-to-table leaning, courses reference local dishes. Reservations open August 2026.
A967: 966 | B967: Omakase Diaries (Google Drive) | C967: Malaysia | D967: (state not stated) | E967: KSHF (Kopitiam / Street Hawker Fare) | F967: Visited - personal log | G967: Lucky Seng Kopitiam | H967: - | I967: - | J967: - | K967: - | L967: - | M967: - | N967: - | O967: - | Q967: From the 'Omakase Diaries' folder in Google Drive (one subfolder per meal). Country and food type were inferred from the folder name; details not verified unless shown.
A968: 967 | B968: Omakase Diaries (Google Drive) | C968: Malaysia | D968: (state not stated) | E968: Pan Mee, Ban Mian | F968: Visited - personal log | G968: Jeng Pan Mee | H968: - | I968: - | J968: - | K968: - | L968: - | M968: - | N968: - | O968: - | Q968: From the 'Omakase Diaries' folder in Google Drive (one subfolder per meal). Country and food type were inferred from the folder name; details not verified unless shown.
A969: 968 | B969: Omakase Diaries (Google Drive) | C969: Malaysia | D969: (state not stated) | E969: KSHF (Kopitiam / Street Hawker Fare) | F969: Visited - personal log | G969: My Ipoh | H969: - | I969: - | J969: - | K969: - | L969: - | M969: - | N969: - | O969: - | Q969: From the 'Omakase Diaries' folder in Google Drive (one subfolder per meal). Country and food type were inferred from the folder name; details not verified unless shown.
A970: 969 | B970: Omakase Diaries (Google Drive) | C970: Malaysia | D970: Kuala Lumpur | E970: Taichow Spots | F970: Visited - personal log | G970: Ba Xian, Tower Club | H970: - | I970: - | J970: - | K970: - | L970: - | M970: - | N970: - | O970: - | Q970: From the 'Omakase Diaries' folder in Google Drive (one subfolder per meal). Country and food type were inferred from the folder name; details not verified unless shown.
A971: 970 | B971: Omakase Diaries (Google Drive) | C971: Singapore | D971: Singapore | E971: SG International & Western | F971: Visited - personal log | G971: Bon | H971: - | I971: - | J971: - | K971: - | L971: - | M971: - | N971: - | O971: - | Q971: From the 'Omakase Diaries' folder in Google Drive (one subfolder per meal). Country and food type were inferred from the folder name; details not verified unless shown.
A972: 971 | B972: Omakase Diaries (Google Drive) | C972: Singapore | D972: Singapore | E972: SG International & Western | F972: Visited - personal log | G972: Brotzeit, VivoCity | H972: - | I972: - | J972: - | K972: - | L972: - | M972: - | N972: - | O972: - | Q972: From the 'Omakase Diaries' folder in Google Drive (one subfolder per meal). Country and food type were inferred from the folder name; details not verified unless shown.
A973: 972 | B973: Omakase Diaries (Google Drive) | C973: Singapore | D973: Singapore | E973: SG Seafood | F973: Visited - personal log | G973: Seafood Paradise, VivoCity | H973: - | I973: - | J973: - | K973: - | L973: - | M973: - | N973: - | O973: - | Q973: From the 'Omakase Diaries' folder in Google Drive (one subfolder per meal). Country and food type were inferred from the folder name; details not verified unless shown.
A974: 973 | B974: Omakase Diaries (Google Drive) | C974: Singapore | D974: Singapore | E974: SG International & Western | F974: Visited - personal log | G974: Il Torro Woodfire Grill | H974: - | I974: - | J974: - | K974: - | L974: - | M974: - | N974: - | O974: - | Q974: From the 'Omakase Diaries' folder in Google Drive (one subfolder per meal). Country and food type were inferred from the folder name; details not verified unless shown.
A975: 974 | B975: Omakase Diaries (Google Drive) | C975: Singapore | D975: Singapore | E975: Japanese - Sushi Omakase | F975: Visited - personal log | G975: Shinji | H975: - | I975: - | J975: - | K975: - | L975: - | M975: - | N975: - | O975: - | Q975: From the 'Omakase Diaries' folder in Google Drive (one subfolder per meal). Country and food type were inferred from the folder name; details not verified unless shown.
A976: 975 | B976: Omakase Diaries (Google Drive) | C976: Singapore | D976: Singapore | E976: Japanese - Sushi Omakase | F976: Visited - personal log | G976: Mitsu Sushi | H976: - | I976: - | J976: - | K976: - | L976: - | M976: - | N976: - | O976: - | Q976: From the 'Omakase Diaries' folder in Google Drive (one subfolder per meal). Country and food type were inferred from the folder name; details not verified unless shown.
A977: 976 | B977: Omakase Diaries (Google Drive) | C977: Singapore | D977: Singapore | E977: Japanese - Sushi Omakase | F977: Visited - personal log | G977: Shinzo | H977: - | I977: - | J977: - | K977: - | L977: - | M977: - | N977: - | O977: - | Q977: From the 'Omakase Diaries' folder in Google Drive (one subfolder per meal). Country and food type were inferred from the folder name; details not verified unless shown.
A978: 977 | B978: Omakase Diaries (Google Drive) | C978: Singapore | D978: Singapore | E978: SG Bak Kut Teh | F978: Visited - personal log | G978: Song Fa Signatures, Paragon | H978: - | I978: - | J978: - | K978: - | L978: - | M978: - | N978: - | O978: - | Q978: From the 'Omakase Diaries' folder in Google Drive (one subfolder per meal). Country and food type were inferred from the folder name; details not verified unless shown.
... A983: 982 | B983: Omakase Diaries (Google Drive) | C983: Singapore | D983: Singapore | E983: SG International & Western | F983: Visited - personal log | G983: Colony, Ritz-Carlton | H983: - | I983: - | J983: - | K983: - | L983: - | M983: - | N983: - | O983: - | Q983: From the 'Omakase Diaries' folder in Google Drive (one subfolder per meal). Country and food type were inferred from the folder name; details not verified unless shown.
A984: 983 | B984: Omakase Diaries (Google Drive) | C984: Singapore | D984: Singapore | E984: Japanese - Sushi Omakase | F984: Visited - personal log | G984: Ichigo Ichie | H984: - | I984: 442 Orchard Rd, #01-16/17 Claymore Connect, Singapore 238879 | J984: +65 9018 2897 | K984: Tue-Sat 12:00-14:30, 19:00-22:30; Sun-Mon closed | L984: - | M984: - | N984: - | O984: - | P984: 4.7 | Q984: From the 'Omakase Diaries' folder in Google Drive (one subfolder per meal). Country and food type were inferred from the folder name; details not verified unless shown. Verified via Google Places, 29 July 2026.
A985: 984 | B985: Omakase Diaries (Google Drive) | C985: Singapore | D985: Singapore | E985: SG International & Western | F985: Visited - personal log | G985: 5 on 25, Andaz | H985: - | I985: - | J985: - | K985: - | L985: - | M985: - | N985: - | O985: - | Q985: From the 'Omakase Diaries' folder in Google Drive (one subfolder per meal). Country and food type were inferred from the folder name; details not verified unless shown.
A986: 985 | B986: Omakase Diaries (Google Drive) | C986: Singapore | D986: Singapore | E986: SG International & Western | F986: Visited - personal log | G986: Locanda | H986: - | I986: - | J986: - | K986: - | L986: - | M986: - | N986: - | O986: - | Q986: From the 'Omakase Diaries' folder in Google Drive (one subfolder per meal). Country and food type were inferred from the folder name; details not verified unless shown.
A987: 986 | B987: Omakase Diaries (Google Drive) | C987: Singapore | D987: Singapore | E987: Japanese - Sushi Omakase | F987: Visited - personal log | G987: Sushi Oono | H987: - | I987: 14 Mohamed Sultan Rd, #01-01, Singapore 238963 | J987: +65 8809 7745 | K987: Mon-Sat 12:00-15:00, 18:30-22:30; Sun closed | L987: - | M987: - | N987: - | O987: - | P987: 4.7 | Q987: From the 'Omakase Diaries' folder in Google Drive (one subfolder per meal). Country and food type were inferred from the folder name; details not verified unless shown. Verified via Google Places, 29 July 2026.
A988: 987 | B988: Omakase Diaries (Google Drive) | C988: Malaysia | D988: (state not stated) | E988: Char Kuey Teow | F988: Visited - personal log | G988: Ah Seong CKT, Kean Fatt | H988: - | I988: - | J988: - | K988: - | L988: - | M988: - | N988: - | O988: - | Q988: From the 'Omakase Diaries' folder in Google Drive (one subfolder per meal). Country and food type were inferred from the folder name; details not verified unless shown.
A989: 988 | B989: Omakase Diaries (Google Drive) | C989: Singapore | D989: Singapore | E989: SG Hawker - Other | F989: Visited - personal log | G989: Quan Ji, Amoy Street Food Centre | H989: - | I989: - | J989: - | K989: - | L989: - | M989: - | N989: - | O989: - | Q989: From the 'Omakase Diaries' folder in Google Drive (one subfolder per meal). Country and food type were inferred from the folder name; details not verified unless shown.
A990: 989 | B990: Omakase Diaries (Google Drive) | C990: Singapore | D990: Singapore | E990: SG Zi Char & Cooked Food | F990: Visited - personal log | G990: Wo Wo Dian | H990: - | I990: - | J990: - | K990: - | L990: - | M990: - | N990: - | O990: - | Q990: From the 'Omakase Diaries' folder in Google Drive (one subfolder per meal). Country and food type were inferred from the folder name; details not verified unless shown.
A991: 990 | B991: Omakase Diaries (Google Drive) | C991: Singapore | D991: Singapore | E991: SG International & Western | F991: Visited - personal log | G991: FOC | H991: - | I991: - | J991: - | K991: - | L991: - | M991: - | N991: - | O991: - | Q991: From the 'Omakase Diaries' folder in Google Drive (one subfolder per meal). Country and food type were inferred from the folder name; details not verified unless shown.
A992: 991 | B992: Omakase Diaries (Google Drive) | C992: Singapore | D992: Singapore | E992: SG International & Western | F992: Visited - personal log | G992: Iggy's | H992: - | I992: - | J992: - | K992: - | L992: - | M992: - | N992: - | O992: - | Q992: From the 'Omakase Diaries' folder in Google Drive (one subfolder per meal). Country and food type were inferred from the folder name; details not verified unless shown.
A993: 992 | B993: Omakase Diaries (Google Drive) | C993: Singapore | D993: Singapore | E993: SG International & Western | F993: Visited - personal log | G993: HUMO, Keong Saik | H993: - | I993: - | J993: - | K993: - | L993: - | M993: - | N993: - | O993: - | Q993: From the 'Omakase Diaries' folder in Google Drive (one subfolder per meal). Country and food type were inferred from the folder name; details not verified unless shown.
A994: 993 | B994: Omakase Diaries (Google Drive) | C994: Singapore | D994: Singapore | E994: SG Zi Char & Cooked Food | F994: Visited - personal log | G994: Chamoon Hotpot, Scotts Square | H994: - | I994: - | J994: - | K994: - | L994: - | M994: - | N994: - | O994: - | Q994: From the 'Omakase Diaries' folder in Google Drive (one subfolder per meal). Country and food type were inferred from the folder name; details not verified unless shown.
A995: 994 | B995: Omakase Diaries (Google Drive) | C995: Singapore | D995: Singapore | E995: SG International & Western | F995: Visited - personal log | G995: Sarai Fine Thai, Tanglin Mall | H995: - | I995: - | J995: - | K995: - | L995: - | M995: - | N995: - | O995: - | Q995: From the 'Omakase Diaries' folder in Google Drive (one subfolder per meal). Country and food type were inferred from the folder name; details not verified unless shown.
A996: 995 | B996: Omakase Diaries (Google Drive) | C996: Singapore | D996: Singapore | E996: Japanese - Sushi Omakase | F996: Visited - personal log | G996: Sushi Maru | H996: - | I996: - | J996: - | K996: - | L996: - | M996: - | N996: - | O996: - | Q996: From the 'Omakase Diaries' folder in Google Drive (one subfolder per meal). Country and food type were inferred from the folder name; details not verified unless shown.
A997: 996 | B997: Omakase Diaries (Google Drive) | C997: Singapore | D997: Singapore | E997: SG International & Western | F997: Visited - personal log | G997: Prada Caffe | H997: - | I997: - | J997: - | K997: - | L997: - | M997: - | N997: - | O997: - | Q997: From the 'Omakase Diaries' folder in Google Drive (one subfolder per meal). Country and food type were inferred from the folder name; details not verified unless shown.
A998: 997 | B998: Omakase Diaries (Google Drive) | C998: Singapore | D998: Singapore | E998: SG International & Western | F998: Visited - personal log | G998: Torno Subito, Dempsey | H998: - | I998: - | J998: - | K998: - | L998: - | M998: - | N998: - | O998: - | Q998: From the 'Omakase Diaries' folder in Google Drive (one subfolder per meal). Country and food type were inferred from the folder name; details not verified unless shown.
A999: 998 | B999: Omakase Diaries (Google Drive) | C999: Singapore | D999: Singapore | E999: SG International & Western | F999: Visited - personal log | G999: Summer Hill, Claymore Connect | H999: - | I999: - | J999: - | K999: - | L999: - | M999: - | N999: - | O999: - | Q999: From the 'Omakase Diaries' folder in Google Drive (one subfolder per meal). Country and food type were inferred from the folder name; details not verified unless shown.
... A1008: 1007 | B1008: Omakase Diaries (Google Drive) | C1008: Singapore | D1008: Singapore | E1008: SG Zi Char & Cooked Food | F1008: Visited - personal log | G1008: Imperial Treasure Huaiyang | H1008: - | I1008: - | J1008: - | K1008: - | L1008: - | M1008: - | N1008: - | O1008: - | Q1008: From the 'Omakase Diaries' folder in Google Drive (one subfolder per meal). Country and food type were inferred from the folder name; details not verified unless shown.
A1009: 1008 | B1009: Omakase Diaries (Google Drive) | C1009: Singapore | D1009: Singapore | E1009: Japanese - Sushi Omakase | F1009: Visited - personal log | G1009: Sushi Nakamura | H1009: - | I1009: 11 Kee Seng St, #01-12, Singapore 089218 | J1009: +65 8908 7964 | K1009: Mon-Sat 12:00-15:00, 18:00-23:00; Sun closed | L1009: - | M1009: - | N1009: - | O1009: - | P1009: 4.7 | Q1009: From the 'Omakase Diaries' folder in Google Drive (one subfolder per meal). Country and food type were inferred from the folder name; details not verified unless shown. Verified via Google Places, 29 July 2026.
A1010: 1009 | B1010: Omakase Diaries (Google Drive) | C1010: Singapore | D1010: Singapore | E1010: SG Zi Char & Cooked Food | F1010: Visited - personal log | G1010: BaShu | H1010: - | I1010: - | J1010: - | K1010: - | L1010: - | M1010: - | N1010: - | O1010: - | Q1010: From the 'Omakase Diaries' folder in Google Drive (one subfolder per meal). Country and food type were inferred from the folder name; details not verified unless shown.
A1011: 1010 | B1011: Omakase Diaries (Google Drive) | C1011: Singapore | D1011: Singapore | E1011: SG Zi Char & Cooked Food | F1011: Visited - personal log | G1011: Kam Boat Teochew | H1011: - | I1011: - | J1011: - | K1011: - | L1011: - | M1011: - | N1011: - | O1011: - | Q1011: From the 'Omakase Diaries' folder in Google Drive (one subfolder per meal). Country and food type were inferred from the folder name; details not verified unless shown.
A1012: 1011 | B1012: Omakase Diaries (Google Drive) | C1012: Singapore | D1012: Singapore | E1012: SG International & Western | F1012: Visited - personal log | G1012: Wolfgang's Steakhouse | H1012: - | I1012: - | J1012: - | K1012: - | L1012: - | M1012: - | N1012: - | O1012: - | Q1012: From the 'Omakase Diaries' folder in Google Drive (one subfolder per meal). Country and food type were inferred from the folder name; details not verified unless shown.
A1013: 1012 | B1013: Omakase Diaries (Google Drive) | C1013: Singapore | D1013: Singapore | E1013: Japanese - Sushi Omakase | F1013: Visited - personal log | G1013: AN Omakase | H1013: - | I1013: 33 Keong Saik Rd., Singapore 089140 | J1013: +65 9053 2226 | K1013: Daily 12:00-15:00, 18:00-22:30 | L1013: - | M1013: - | N1013: - | O1013: - | P1013: 4.7 | Q1013: From the 'Omakase Diaries' folder in Google Drive (one subfolder per meal). Country and food type were inferred from the folder name; details not verified unless shown. Verified via Google Places, 29 July 2026.
A1014: 1013 | B1014: Omakase Diaries (Google Drive) | C1014: Singapore | D1014: Singapore | E1014: SG International & Western | F1014: Visited - personal log | G1014: Olivia | H1014: - | I1014: - | J1014: - | K1014: - | L1014: - | M1014: - | N1014: - | O1014: - | Q1014: From the 'Omakase Diaries' folder in Google Drive (one subfolder per meal). Country and food type were inferred from the folder name; details not verified unless shown.
A1015: 1014 | B1015: Omakase Diaries (Google Drive) | C1015: Singapore | D1015: Singapore | E1015: SG International & Western | F1015: Visited - personal log | G1015: Buko Nero | H1015: - | I1015: - | J1015: - | K1015: - | L1015: - | M1015: - | N1015: - | O1015: - | Q1015: From the 'Omakase Diaries' folder in Google Drive (one subfolder per meal). Country and food type were inferred from the folder name; details not verified unless shown.
A1016: 1015 | B1016: Omakase Diaries (Google Drive) | C1016: Singapore | D1016: Singapore | E1016: SG International & Western | F1016: Visited - personal log | G1016: MODU | H1016: - | I1016: - | J1016: - | K1016: - | L1016: - | M1016: - | N1016: - | O1016: - | Q1016: From the 'Omakase Diaries' folder in Google Drive (one subfolder per meal). Country and food type were inferred from the folder name; details not verified unless shown.
A1017: 1016 | B1017: Omakase Diaries (Google Drive) | C1017: Singapore | D1017: Singapore | E1017: SG Snacks & Kueh | F1017: Visited - personal log | G1017: Yixing Xuan Teahouse | H1017: - | I1017: - | J1017: - | K1017: - | L1017: - | M1017: - | N1017: - | O1017: - | Q1017: From the 'Omakase Diaries' folder in Google Drive (one subfolder per meal). Country and food type were inferred from the folder name; details not verified unless shown.
A1018: 1017 | B1018: Omakase Diaries (Google Drive) | C1018: Singapore | D1018: Singapore | E1018: SG Zi Char & Cooked Food | F1018: Visited - personal log | G1018: Yan's Fine Shanghainese | H1018: - | I1018: - | J1018: - | K1018: - | L1018: - | M1018: - | N1018: - | O1018: - | Q1018: From the 'Omakase Diaries' folder in Google Drive (one subfolder per meal). Country and food type were inferred from the folder name; details not verified unless shown.
A1019: 1018 | B1019: Omakase Diaries (Google Drive) | C1019: Singapore | D1019: Singapore | E1019: SG International & Western | F1019: Visited - personal log | G1019: Fairlodge, Holland | H1019: - | I1019: - | J1019: - | K1019: - | L1019: - | M1019: - | N1019: - | O1019: - | Q1019: From the 'Omakase Diaries' folder in Google Drive (one subfolder per meal). Country and food type were inferred from the folder name; details not verified unless shown.
A1020: 1019 | B1020: Omakase Diaries (Google Drive) | C1020: Singapore | D1020: Singapore | E1020: SG International & Western | F1020: Visited - personal log | G1020: Ma Maison | H1020: - | I1020: - | J1020: - | K1020: - | L1020: - | M1020: - | N1020: - | O1020: - | Q1020: From the 'Omakase Diaries' folder in Google Drive (one subfolder per meal). Country and food type were inferred from the folder name; details not verified unless shown.
A1021: 1020 | B1021: Omakase Diaries (Google Drive) | C1021: Singapore | D1021: Singapore | E1021: SG International & Western | F1021: Visited - personal log | G1021: Boeuf | H1021: - | I1021: - | J1021: - | K1021: - | L1021: - | M1021: - | N1021: - | O1021: - | Q1021: From the 'Omakase Diaries' folder in Google Drive (one subfolder per meal). Country and food type were inferred from the folder name; details not verified unless shown.
A1022: 1021 | B1022: Omakase Diaries (Google Drive) | C1022: Singapore | D1022: Singapore | E1022: SG Zi Char & Cooked Food | F1022: Visited - personal log | G1022: Soup Restaurant | H1022: - | I1022: - | J1022: - | K1022: - | L1022: - | M1022: - | N1022: - | O1022: - | Q1022: From the 'Omakase Diaries' folder in Google Drive (one subfolder per meal). Country and food type were inferred from the folder name; details not verified unless shown.
A1023: 1022 | B1023: Omakase Diaries (Google Drive) | C1023: Singapore | D1023: Singapore | E1023: SG Zi Char & Cooked Food | F1023: Visited - personal log | G1023: Eleven Finger (Eu Kee) Scissors Curry Rice | H1023: - | I1023: - | J1023: - | K1023: - | L1023: - | M1023: - | N1023: - | O1023: - | Q1023: From the 'Omakase Diaries' folder in Google Drive (one subfolder per meal). Country and food type were inferred from the folder name; details not verified unless shown.
A1024: 1023 | B1024: Omakase Diaries (Google Drive) | C1024: Singapore | D1024: Singapore | E1024: SG International & Western | F1024: Visited - personal log | G1024: Um Yong Baek | H1024: - | I1024: - | J1024: - | K1024: - | L1024: - | M1024: - | N1024: - | O1024: - | Q1024: From the 'Omakase Diaries' folder in Google Drive (one subfolder per meal). Country and food type were inferred from the folder name; details not verified unless shown.
A1025: 1024 | B1025: Omakase Diaries (Google Drive) | C1025: Singapore | D1025: Singapore | E1025: SG Snacks & Kueh | F1025: Visited - personal log | G1025: Arteastique | H1025: - | I1025: - | J1025: - | K1025: - | L1025: - | M1025: - | N1025: - | O1025: - | Q1025: From the 'Omakase Diaries' folder in Google Drive (one subfolder per meal). Country and food type were inferred from the folder name; details not verified unless shown.
... A1053: 1052 | B1053: Omakase Diaries (Google Drive) | C1053: Singapore | D1053: Singapore | E1053: SG International & Western | F1053: Visited - personal log | G1053: Griglia | H1053: - | I1053: - | J1053: - | K1053: - | L1053: - | M1053: - | N1053: - | O1053: - | Q1053: From the 'Omakase Diaries' folder in Google Drive (one subfolder per meal). Country and food type were inferred from the folder name; details not verified unless shown.
A1054: 1053 | B1054: Omakase Diaries (Google Drive) | C1054: Singapore | D1054: Singapore | E1054: Japanese - Kappo | F1054: Visited - personal log | G1054: Kei Hachi | H1054: - | I1054: 8 Keong Saik Rd., Singapore 089116 | J1054: +65 6518 4755 | K1054: Confirm on booking | L1054: - | M1054: - | N1054: - | O1054: - | P1054: 4.3 | Q1054: From the 'Omakase Diaries' folder in Google Drive (one subfolder per meal). Country and food type were inferred from the folder name; details not verified unless shown. Verified via Google Places, 29 July 2026.
A1055: 1054 | B1055: Omakase Diaries (Google Drive) | C1055: Singapore | D1055: Singapore | E1055: SG International & Western | F1055: Visited - personal log | G1055: Tinto | H1055: - | I1055: - | J1055: - | K1055: - | L1055: - | M1055: - | N1055: - | O1055: - | Q1055: From the 'Omakase Diaries' folder in Google Drive (one subfolder per meal). Country and food type were inferred from the folder name; details not verified unless shown.
A1056: 1055 | B1056: Omakase Diaries (Google Drive) | C1056: Other | D1056: (city not stated) | E1056: Japanese - Sushi Omakase | F1056: Visited - personal log | G1056: Sushi Saito | H1056: - | I1056: - | J1056: - | K1056: - | L1056: - | M1056: - | N1056: - | O1056: - | Q1056: From the 'Omakase Diaries' folder in Google Drive (one subfolder per meal). Country and food type were inferred from the folder name; details not verified unless shown.
A1057: 1056 | B1057: Omakase Diaries (Google Drive) | C1057: Singapore | D1057: Singapore | E1057: SG Indian | F1057: Visited - personal log | G1057: Apollo Banana Leaf | H1057: - | I1057: - | J1057: - | K1057: - | L1057: - | M1057: - | N1057: - | O1057: - | Q1057: From the 'Omakase Diaries' folder in Google Drive (one subfolder per meal). Country and food type were inferred from the folder name; details not verified unless shown.
A1058: 1057 | B1058: Omakase Diaries (Google Drive) | C1058: Singapore | D1058: Singapore | E1058: SG Zi Char & Cooked Food | F1058: Visited - personal log | G1058: Mott 32 | H1058: - | I1058: - | J1058: - | K1058: - | L1058: - | M1058: - | N1058: - | O1058: - | Q1058: From the 'Omakase Diaries' folder in Google Drive (one subfolder per meal). Country and food type were inferred from the folder name; details not verified unless shown.
A1059: 1058 | B1059: Omakase Diaries (Google Drive) | C1059: Singapore | D1059: Singapore | E1059: SG International & Western | F1059: Visited - personal log | G1059: Todamgol | H1059: - | I1059: - | J1059: - | K1059: - | L1059: - | M1059: - | N1059: - | O1059: - | Q1059: From the 'Omakase Diaries' folder in Google Drive (one subfolder per meal). Country and food type were inferred from the folder name; details not verified unless shown.
A1060: 1059 | B1060: Omakase Diaries (Google Drive) | C1060: Singapore | D1060: Singapore | E1060: Japanese - Modern | F1060: Visited - personal log | G1060: Hazu | H1060: - | I1060: - | J1060: - | K1060: - | L1060: - | M1060: - | N1060: - | O1060: - | Q1060: From the 'Omakase Diaries' folder in Google Drive (one subfolder per meal). Country and food type were inferred from the folder name; details not verified unless shown.
A1061: 1060 | B1061: Omakase Diaries (Google Drive) | C1061: Singapore | D1061: Singapore | E1061: SG Zi Char & Cooked Food | F1061: Visited - personal log | G1061: Crystal Jade | H1061: - | I1061: - | J1061: - | K1061: - | L1061: - | M1061: - | N1061: - | O1061: - | Q1061: From the 'Omakase Diaries' folder in Google Drive (one subfolder per meal). Country and food type were inferred from the folder name; details not verified unless shown.
A1062: 1061 | B1062: Omakase Diaries (Google Drive) | C1062: Singapore | D1062: Singapore | E1062: SG International & Western | F1062: Visited - personal log | G1062: Tomahawk | H1062: - | I1062: - | J1062: - | K1062: - | L1062: - | M1062: - | N1062: - | O1062: - | Q1062: From the 'Omakase Diaries' folder in Google Drive (one subfolder per meal). Country and food type were inferred from the folder name; details not verified unless shown.
A1063: 1062 | B1063: Omakase Diaries (Google Drive) | C1063: Singapore | D1063: Singapore | E1063: SG International & Western | F1063: Visited - personal log | G1063: Gunther's | H1063: - | I1063: - | J1063: - | K1063: - | L1063: - | M1063: - | N1063: - | O1063: - | Q1063: From the 'Omakase Diaries' folder in Google Drive (one subfolder per meal). Country and food type were inferred from the folder name; details not verified unless shown.
...

Sheet SG · Omakase & Japanese
A1: # | B1: Food Type Category | C1: Name | D1: City / State | E1: Area / Location | F1: Address | G1: Phone | H1: Typical Hours | I1: Accolades | J1: Price Guide (per pax) | K1: Instagram / Web | L1: What To Order / Signature | M1: Google Rating | N1: Source | O1: Notes
A2: 1 | B2: Japanese - Kappo | C2: 7s Kappo | D2: Singapore | E2: - | F2: - | G2: - | H2: - | I2: - | J2: - | K2: - | L2: - | N2: Omakase Diaries (Google Drive) | O2: From the 'Omakase Diaries' folder in Google Drive (one subfolder per meal). Country and food type were inferred from the folder name; details not verified unless shown.
A3: 2 | B3: Japanese - Kappo | C3: Hachi Restaurant | D3: Singapore | E3: Keppel South Central / Tanjong Pagar | F3: 10 Hoe Chiang Rd, #01-07 Keppel South Central, Singapore 089315 | G3: +65 6734 9622 | H3: Mon-Sat 12:00-14:30, 18:00-23:00; Sun closed | I3: - | J3: S$200-400; sake pairing add-on approx. S$38 | K3: - | L3: Shiki seasonal omakase; chutoro with pinenut-anchovy dressing; A5 wagyu yakimono | M3: 4.6 | N3: Curated (verified) | O3: Also a strong set-lunch option (kaisen chirashi-don, wagyu souryu don).
A4: 3 | B4: Japanese - Kappo | C4: Kei Hachi | D4: Singapore | E4: - | F4: 8 Keong Saik Rd., Singapore 089116 | G4: +65 6518 4755 | H4: Confirm on booking | I4: - | J4: - | K4: - | L4: - | M4: 4.3 | N4: Omakase Diaries (Google Drive) | O4: From the 'Omakase Diaries' folder in Google Drive (one subfolder per meal). Country and food type were inferred from the folder name; details not verified unless shown. Verified via Google Places, 29 July 2026.
A5: 4 | B5: Japanese - Kappo | C5: Ki-sho | D5: Singapore | E5: Scotts Road | F5: 29 Scotts Rd, Singapore 228224 | G5: +65 9061 6109 | H5: Mon-Fri 12:00-15:00, 18:30-23:00; Sat dinner only; Sun closed | I5: MICHELIN Guide listed | J5: 6-9 courses, S$160-360; dinner kappou S$280-360++ | K5: - | L5: Tottori Wagyu smoked over hay; Zen Garden platter; seasonal dashi | M5: 4.6 | N5: Curated (verified) | O5: Chef Taro Takayama, formerly private chef to Japan's ambassador to Singapore. Black-and-white colonial bungalow. Nearest MRT Newton.
A6: 5 | B6: Japanese - Kappo | C6: Tsubaki by Shunsui | D6: Singapore | E6: Cuppage Plaza / Orchard | F6: 5 Koek Rd, #04-02 Cuppage Plaza, Singapore 228796 | G6: +65 9772 4300 | H6: Dinner service; confirm on booking | I6: MICHELIN Guide listed | J6: 7 or 9 course sets | K6: - | L6: Wagyu and uni; giant squid tempura; donabe rice | M6: 4.6 | N6: Curated (verified) | O6: Chef Kenta. No signboard - discreet entrance. Wide sake selection, so avoid driving.
A7: 6 | B7: Japanese - Kappo | C7: WA Kappou | D7: Singapore | E7: Keong Saik Road | F7: 27 Keong Saik Rd., Singapore 089134 | G7: +65 9610 8353 | H7: Daily 12:00-15:00, 18:00-22:30 | I7: - | J7: S$150-300 | K7: - | L7: Seasonal sashimi; wagyu course | M7: 4.9 | N7: Curated (verified) | O7: Small counter, modern kappo. Chefs engage without being intrusive.
A8: 7 | B8: Japanese - Modern | C8: Hazu | D8: Singapore | E8: - | F8: - | G8: - | H8: - | I8: - | J8: - | K8: - | L8: - | N8: Omakase Diaries (Google Drive) | O8: From the 'Omakase Diaries' folder in Google Drive (one subfolder per meal). Country and food type were inferred from the folder name; details not verified unless shown.
A9: 8 | B9: Japanese - Modern | C9: Kamoshita | D9: Singapore | E9: - | F9: - | G9: - | H9: - | I9: - | J9: - | K9: - | L9: - | N9: Omakase Diaries (Google Drive) | O9: From the 'Omakase Diaries' folder in Google Drive (one subfolder per meal). Country and food type were inferred from the folder name; details not verified unless shown.
A10: 9 | B10: Japanese - Modern | C10: Kott-Don by Flower Pig | D10: Singapore | E10: - | F10: - | G10: - | H10: - | I10: - | J10: - | K10: - | L10: - | N10: Omakase Diaries (Google Drive) | O10: From the 'Omakase Diaries' folder in Google Drive (one subfolder per meal). Country and food type were inferred from the folder name; details not verified unless shown.
A11: 10 | B11: Japanese - Modern | C11: Mizuya, Tras Street | D11: Singapore | E11: - | F11: - | G11: - | H11: - | I11: - | J11: - | K11: - | L11: - | N11: Omakase Diaries (Google Drive) | O11: From the 'Omakase Diaries' folder in Google Drive (one subfolder per meal). Country and food type were inferred from the folder name; details not verified unless shown.
A12: 11 | B12: Japanese - Modern | C12: Sanpoutei Ramen | D12: Singapore | E12: - | F12: - | G12: - | H12: - | I12: - | J12: - | K12: - | L12: - | N12: Omakase Diaries (Google Drive) | O12: From the 'Omakase Diaries' folder in Google Drive (one subfolder per meal). Country and food type were inferred from the folder name; details not verified unless shown.
A13: 12 | B13: Japanese - Modern | C13: Sen of Japan | D13: Singapore | E13: - | F13: - | G13: - | H13: - | I13: - | J13: - | K13: - | L13: - | N13: Omakase Diaries (Google Drive) | O13: From the 'Omakase Diaries' folder in Google Drive (one subfolder per meal). Country and food type were inferred from the folder name; details not verified unless shown.
A14: 13 | B14: Japanese - Modern | C14: Sushi Tei | D14: Singapore | E14: - | F14: - | G14: - | H14: - | I14: - | J14: - | K14: - | L14: - | N14: Omakase Diaries (Google Drive) | O14: From the 'Omakase Diaries' folder in Google Drive (one subfolder per meal). Country and food type were inferred from the folder name; details not verified unless shown.
A15: 14 | B15: Japanese - Modern | C15: Suzuki, The Mondrian | D15: Singapore | E15: - | F15: - | G15: - | H15: - | I15: - | J15: - | K15: - | L15: - | N15: Omakase Diaries (Google Drive) | O15: From the 'Omakase Diaries' folder in Google Drive (one subfolder per meal). Country and food type were inferred from the folder name; details not verified unless shown.
A16: 15 | B16: Japanese - Modern | C16: Tamashii | D16: Singapore | E16: - | F16: - | G16: - | H16: - | I16: - | J16: - | K16: - | L16: - | N16: Omakase Diaries (Google Drive) | O16: From the 'Omakase Diaries' folder in Google Drive (one subfolder per meal). Country and food type were inferred from the folder name; details not verified unless shown.
A17: 16 | B17: Japanese - Modern | C17: Waku Ghin | D17: Singapore | E17: The Shoppes at Marina Bay Sands | F17: 10 Bayfront Ave, #02-03 The Shoppes, Marina Bay Sands, Singapore 018956 | G17: +65 6688 8507 | H17: Daily 17:00-23:00 | I17: MICHELIN-starred, Chef Tetsuya Wakuda | J17: S$500+ | K17: - | L17: Island lobster with caviar; grilled wagyu on rice; bara-chirashi | M17: 4.3 | N17: Curated (verified) | O17: Japanese-European degustation rather than pure omakase. Multi-room progressive format.
A18: 17 | B18: Japanese - Modern | C18: Wakuda | D18: Singapore | E18: Marina Bay Sands | F18: 10 Bayfront Ave, Marina Bay Sands Hotel Tower 2 Lobby, Singapore 018956 | G18: +65 6688 8885 | H18: Daily 11:30-00:00 | I18: Chef Tetsuya Wakuda | J18: Omakase from approx. S$128 (13-17 courses) | K18: - | L18: Signature omakase; handrolls; Ohmi wagyu; Wakuda Sling at the bar | M18: 4.2 | N18: Curated (verified) | O18: Philosophy of 'shun' - seasonal peak. Ingredients air-flown from Hokkaido, Fukuoka, Shizuoka, Okinawa. Exclusive omakase room. MBS membership unlocks member pricing.
A19: 18 | B19: Japanese - Multi-concept | C19: Keyaki, Pan Pacific | D19: Singapore | E19: - | F19: - | G19: - | H19: - | I19: - | J19: - | K19: - | L19: - | N19: Omakase Diaries (Google Drive) | O19: From the 'Omakase Diaries' folder in Google Drive (one subfolder per meal). Country and food type were inferred from the folder name; details not verified unless shown.
A20: 19 | B20: Japanese - Sushi Kappo | C20: Hamamoto | D20: Singapore | E20: Tras Street / Tanjong Pagar | F20: 58 Tras St, Singapore 078997 | G20: +65 9672 7110 | H20: Tue-Sat 12:00-15:00, 18:30-23:00; Sun-Mon closed | I20: One MICHELIN star | J20: S$300-500 | K20: - | L20: Ise ebi and Yoichi murasaki uni with kaluga caviar | M20: 4.9 | N20: Curated (verified) | O20: Chef Kazuhiro Hamamoto (Kyoto). Singapore's only curved hinoki counter, 12 seats. Hard to book.
A21: 20 | B21: Japanese - Sushi Kappo | C21: Nishikane | D21: Singapore | E21: Tras Street / Tanjong Pagar | F21: 78 Tras St, #01-01, Singapore 079017 | G21: +65 9179 4355 | H21: Mon-Sat 12:00-14:00, 18:00-22:30; Sun closed | I21: MICHELIN Guide listed | J21: S$250-450 | K21: - | L21: Seasonal themed degustation; uni; Omi beef; ice-bowl somen | M21: 4.8 | N21: Curated (verified) | O21: Chef Nobuhiro Nishi. Highly theatrical, seasonal presentation - Kyoto sensibility.
A22: 21 | B22: Japanese - Sushi Omakase | C22: AN Omakase | D22: Singapore | E22: - | F22: 33 Keong Saik Rd., Singapore 089140 | G22: +65 9053 2226 | H22: Daily 12:00-15:00, 18:00-22:30 | I22: - | J22: - | K22: - | L22: - | M22: 4.7 | N22: Omakase Diaries (Google Drive) | O22: From the 'Omakase Diaries' folder in Google Drive (one subfolder per meal). Country and food type were inferred from the folder name; details not verified unless shown. Verified via Google Places, 29 July 2026.
A23: 22 | B23: Japanese - Sushi Omakase | C23: Ashino | D23: Singapore | E23: Club Street / ICON Hotel | F23: 8 Club St, #01-12/13 ICON Hotel, Singapore 069472 | G23: +65 6684 4567 | H23: Mon-Sat, lunch 12:00-14:00 (selected days) and dinner 18:00-22:00; Sun closed | I23: MICHELIN Guide listed | J23: S$200-400 | K23: - | L23: Aged akami and botan ebi; silver-skinned fish; sea salt ice cream with sake | M23: 4.6 | N23: Curated (verified) | O23: Specialist in aged sushi - strongly vinegared shari. Good sake list.
A24: 23 | B24: Japanese - Sushi Omakase | C24: Ginza Sushi Ichi | D24: Singapore | E24: Orchard / Marriott Tang Plaza | F24: 320 Orchard Rd, #01-04 Singapore Marriott Tang Plaza Hotel, Singapore 238865 | G24: +65 6235 5514 | H24: Tue-Sun 12:00-14:30, 18:00-22:30; Mon closed | I24: One MICHELIN star (retained a decade) | J24: S$200-450 | K24: - | L24: Botan lunch omakase; smoked tuna cheek; seasonal hamaguri clam | M24: 4.6 | N24: Curated (verified) | O24: Otoro only appears on the higher-priced menus. Private room available.
A25: 24 | B25: Japanese - Sushi Omakase | C25: Hiryu | D25: Singapore | E25: Telok Ayer Street | F25: 153A Telok Ayer St, Singapore 068610 | G25: +65 6788 9188 | H25: Mon-Sat 12:00-14:30, 18:00-22:30; Sun closed | I25: - | J25: S$200-400 | K25: - | L25: Chutoro, toro, wagyu don with black truffle | M25: 4.5 | N25: Curated (verified) | O25: Chef Raymond Tan. Modern flourishes - caviar, uni, gold leaf.
A26: 25 | B26: Japanese - Sushi Omakase | C26: Ichigo Ichie | D26: Singapore | E26: - | F26: 442 Orchard Rd, #01-16/17 Claymore Connect, Singapore 238879 | G26: +65 9018 2897 | H26: Tue-Sat 12:00-14:30, 19:00-22:30; Sun-Mon closed | I26: - | J26: - | K26: - | L26: - | M26: 4.7 | N26: Omakase Diaries (Google Drive) | O26: From the 'Omakase Diaries' folder in Google Drive (one subfolder per meal). Country and food type were inferred from the folder name; details not verified unless shown. Verified via Google Places, 29 July 2026.
A27: 26 | B27: Japanese - Sushi Omakase | C27: Iyasaka by Hashida | D27: Singapore | E27: Raffles Sentosa | F27: 4 Bukit Manis Rd, Sentosa, Singapore 099947 | G27: +65 8129 5336 | H27: Tue-Sat 19:00-22:30; Sun-Mon closed | I27: - | J27: Approx. S$450++ dinner | K27: - | L27: Ankimo; otoro; belt fish with uni | M27: 5 | N27: Curated (verified) | O27: Chef Kenjiro 'Hatch' Hashida - successor concept to Hashida at Amoy Street. Complimentary valet; restaurant issues a Sentosa entry QR code.
A28: 27 | B28: Japanese - Sushi Omakase | C28: Jisho Omakase | D28: Singapore | E28: - | F28: 35 Robinson Road, #01-03/04 Hotel Telegraph, Singapore 068876 | G28: +65 6980 8030 | H28: Confirm on booking | I28: - | J28: - | K28: - | L28: - | M28: 4.8 | N28: Omakase Diaries (Google Drive) | O28: From the 'Omakase Diaries' folder in Google Drive (one subfolder per meal). Country and food type were inferred from the folder name; details not verified unless shown. Verified via Google Places, 29 July 2026.
A29: 28 | B29: Japanese - Sushi Omakase | C29: Jun Omakase | D29: Singapore | E29: Samsung Hub / Church Street | F29: 3 Church St, #01-01 Samsung Hub, Singapore 049483 | G29: +65 6224 0311 | H29: Mon-Sat 11:30-14:30, 17:30-21:30; Sun closed | I29: - | J29: Accessible - set lunches available | K29: - | L29: Yellowtail don; sashimi plate; omakase counter | M29: 4.5 | N29: Curated (verified) | O29: Popular CBD business-lunch option. Last lunch seating around 14:00.
A30: 29 | B30: Japanese - Sushi Omakase | C30: Mitsu Sushi | D30: Singapore | E30: - | F30: - | G30: - | H30: - | I30: - | J30: - | K30: - | L30: - | N30: Omakase Diaries (Google Drive) | O30: From the 'Omakase Diaries' folder in Google Drive (one subfolder per meal). Country and food type were inferred from the folder name; details not verified unless shown.
A31: 30 | B31: Japanese - Sushi Omakase | C31: Shinji | D31: Singapore | E31: - | F31: - | G31: - | H31: - | I31: - | J31: - | K31: - | L31: - | N31: Omakase Diaries (Google Drive) | O31: From the 'Omakase Diaries' folder in Google Drive (one subfolder per meal). Country and food type were inferred from the folder name; details not verified unless shown.
A32: 31 | B32: Japanese - Sushi Omakase | C32: Shinji by Kanesaka | D32: Singapore | E32: Bras Basah / Carlton Hotel | F32: 76 Bras Basah Rd, Singapore 189558 | G32: +65 6338 6131 | H32: Lunch and dinner seatings; confirm on booking | I32: One MICHELIN star | J32: S$200-400+ | K32: shinjibykanesaka.com | L32: 15-piece sushi set (approx. S$200++); Yume omakase | M32: 4.6 | N32: Curated (verified) | O32: Ginza Kanesaka lineage, in Singapore since 2010 - one of the longest-standing omakase counters here. A second outpost operates at The St. Regis.
A33: 32 | B33: Japanese - Sushi Omakase | C33: Shinzo | D33: Singapore | E33: - | F33: - | G33: - | H33: - | I33: - | J33: - | K33: - | L33: - | N33: Omakase Diaries (Google Drive) | O33: From the 'Omakase Diaries' folder in Google Drive (one subfolder per meal). Country and food type were inferred from the folder name; details not verified unless shown.
A34: 33 | B34: Japanese - Sushi Omakase | C34: Shoukouwa | D34: Singapore | E34: One Fullerton / Marina Bay | F34: 1 Fullerton Rd, #02-02A One Fullerton, Singapore 049213 | G34: +65 6423 9939 | H34: Tue-Sat 12:30-15:00, 18:00-22:30; Sun-Mon closed | I34: Two MICHELIN stars | J34: S$400-700+ | K34: shoukouwa.com.sg | L34: Pristine Edomae nigiri course; rare seasonal white fish | M34: 4.5 | N34: Curated (verified) | O34: Eight-seat hinoki counter overlooking Marina Bay. Ten years in operation. Fish flown from Toyosu.
A35: 34 | B35: Japanese - Sushi Omakase | C35: Sushi Ayumu by Masa Ishibashi | D35: Singapore | E35: Mandarin Gallery / Orchard | F35: 333A Orchard Rd, #04-16 Mandarin Gallery, Singapore 238897 | G35: +65 9159 0102 | H35: Tue-Sun 12:00-15:00, 18:30-22:30; Mon closed | I35: MICHELIN Guide listed | J35: S$250-450 | K35: - | L35: Chef's premium selection; flamed toro nigiri | M35: 4.6 | N35: Curated (verified) | O35: Extensive sake and wine list.
A36: 35 | B36: Japanese - Sushi Omakase | C36: Sushi Jin | D36: Singapore | E36: Shaw Centre / Scotts Road | F36: 1 Scotts Rd, #03-07 Shaw Centre, Singapore 228208 | G36: +65 8228 7013 | H36: Daily 11:30-15:00, 18:00-22:00 | I36: - | J36: Hana set approx. S$138++ | K36: @sushijin_sg | L36: 8-course omakase; karatsuki uni (summer); braised abalone | M36: 4.4 | N36: Curated (verified) | O36: 1-for-1 promotion on the earliest 17:30 seating. Books out weeks ahead.
A37: 36 | B37: Japanese - Sushi Omakase | C37: Sushi Kimura Plus | D37: Singapore | E37: Cuscaden Road / Conrad Singapore | F37: 1 Cuscaden Rd, #01-03 Conrad, Singapore 249715 | G37: +65 8977 5027 | H37: Tue-Sun, lunch 12:30-14:30 and dinner 19:00-21:30 (varies by day); Mon closed | I37: Chef held one MICHELIN star at previous restaurant | J37: S$380 dinner set | K37: - | L37: Spear-hunted fish; Yura uni; ankimo | M37: 4.7 | N37: Curated (verified) | O37: Chef Tomoo Kimura's return after the original Sushi Kimura at Palais Renaissance closed in 2024. Eight seats, every piece made by the chef himself. Rice recipe now less sweet.
A38: 37 | B38: Japanese - Sushi Omakase | C38: Sushi Maru | D38: Singapore | E38: - | F38: - | G38: - | H38: - | I38: - | J38: - | K38: - | L38: - | N38: Omakase Diaries (Google Drive) | O38: From the 'Omakase Diaries' folder in Google Drive (one subfolder per meal). Country and food type were inferred from the folder name; details not verified unless shown.
A39: 38 | B39: Japanese - Sushi Omakase | C39: Sushi Masa by Ki-setsu | D39: Singapore | E39: Cuppage Plaza / Orchard | F39: 5 Koek Rd, #06-03 Cuppage Plaza, Singapore 228796 | G39: +65 9752 5851 | H39: Tue-Sat 19:00-22:00; Sun-Mon closed | I39: Widely rated among Singapore's best value counters | J39: From S$230 (Hotaru, 16+ courses) | K39: - | L39: Anago; negitoro monaka; otoro aburi; add-on scallop | M39: 4.9 | N39: Curated (verified) | O39: Eight seats, hidden inside an ageing Orchard mall. The 'Hiseki' menu is private bookings or Sundays only, roughly three weeks' notice.
A40: 39 | B40: Japanese - Sushi Omakase | C40: Sushi Masaaki | D40: Singapore | E40: South Beach Avenue / Beach Road | F40: 26 Beach Rd, B1-17 South Beach Avenue, Singapore 189768 | G40: +65 6388 1555 | H40: Daily 12:00-15:00, 18:00-23:00 | I40: - | J40: Lunch from S$220; dinner from S$280 | K40: - | L40: Signature towering Uni Cake; chutoro; nodoguro | M40: 4.7 | N40: Curated (verified) | O40: Kyoto-born Chef Masaaki Sakashita, ex-Sushi Ishi. Fish flown in from Toyosu. Live crabs on the charcoal hearth.
A41: 40 | B41: Japanese - Sushi Omakase | C41: Sushi Mitsuya | D41: Singapore | E41: Tras Street / Tanjong Pagar | F41: 60 Tras St, #01-01, Singapore 078999 | G41: +65 6438 2608 | H41: Lunch and dinner; confirm on booking | I41: MICHELIN Guide listed | J41: From S$130 (Umi) to S$300+ | K41: - | L41: Umi omakase; seasonal and unusual fish selection | M41: 4.4 | N41: Curated (verified) | O41: Open over a decade. Reservations can need a month's lead time. Menu was revised recently - recent reviews are mixed.
A42: 41 | B42: Japanese - Sushi Omakase | C42: Sushi Muni | D42: Singapore | E42: International Plaza / Tanjong Pagar | F42: 10 Anson Rd, #02-28 International Plaza, Singapore 079903 | G42: +65 8492 6387 | H42: Mon-Sat, lunch 12:00-14:30 and dinner 18:00-22:00 (Mon dinner only); Sun closed | I42: - | J42: Approx. S$200++ dinner | K42: - | L42: Muni omakase; off-menu uni ice cream | M42: 4.9 | N42: Curated (verified) | O42: Chef Chon (ex-Miraku). No soy sauce for dipping - each piece is finished by the chef. Pick your own sake cup by zodiac sign.
A43: 42 | B43: Japanese - Sushi Omakase | C43: Sushi Nakamura | D43: Singapore | E43: - | F43: 11 Kee Seng St, #01-12, Singapore 089218 | G43: +65 8908 7964 | H43: Mon-Sat 12:00-15:00, 18:00-23:00; Sun closed | I43: - | J43: - | K43: - | L43: - | M43: 4.7 | N43: Omakase Diaries (Google Drive) | O43: From the 'Omakase Diaries' folder in Google Drive (one subfolder per meal). Country and food type were inferred from the folder name; details not verified unless shown. Verified via Google Places, 29 July 2026.
A44: 43 | B44: Japanese - Sushi Omakase | C44: Sushi Oono | D44: Singapore | E44: - | F44: 14 Mohamed Sultan Rd, #01-01, Singapore 238963 | G44: +65 8809 7745 | H44: Mon-Sat 12:00-15:00, 18:30-22:30; Sun closed | I44: - | J44: - | K44: - | L44: - | M44: 4.7 | N44: Omakase Diaries (Google Drive) | O44: From the 'Omakase Diaries' folder in Google Drive (one subfolder per meal). Country and food type were inferred from the folder name; details not verified unless shown. Verified via Google Places, 29 July 2026.
A45: 44 | B45: Japanese - Sushi Omakase | C45: Sushi Ryujin | D45: Singapore | E45: Shaw Centre / Scotts Road | F45: 1 Scotts Rd, #01-19 Shaw Centre, Singapore 228208 | G45: +65 8028 1940 | H45: Mon-Sat 12:15-14:30, 18:00-20:15, 20:30-22:45; Sun closed | I45: - | J45: Lunch approx. S$188 | K45: @sushiryujinsg | L45: Lunch nigiri course; horse mackerel; somen with sakura ebi | M45: 4.6 | N45: Curated (verified) | O45: Three seatings per evening. Seasonal menu rotates through the year.
A46: 45 | B46: Japanese - Sushi Omakase | C46: Sushi SEIZAN | D46: Singapore | E46: Bugis Cube / North Bridge Road | F46: 470 N Bridge Rd, #03-19 Bugis Cube, Singapore 188735 | G46: +65 9737 1334 | H46: Daily 12:00-15:00, 17:30-22:30 | I46: - | J46: Lunch from S$98 (wkdy S$60); dinner from S$180 (wkdy S$150) | K46: @sushi_seizan / sushiseizansg.com | L46: Signature uni hotstone pot; uni soup with wagyu shabu; ankimo | M46: 4.8 | N46: Curated (verified) | O46: Six-seat counter plus private room. 'Yama' course approx. S$198++. Hidden inside a beauty-services mall.
A47: 46 | B47: Japanese - Sushi Omakase | C47: Sushi Sakuta | D47: Singapore | E47: Millenia Walk | F47: 9 Raffles Blvd, #01-06/07/08 Millenia Walk, Singapore 039596 | G47: +65 9863 9302 | H47: Tue-Sun 12:30-15:00, 19:00-22:30 (Thu dinner only); Mon closed | I47: Two MICHELIN stars | J47: S$400-700+ | K47: - | L47: Seasonal nigiri course built entirely on Japanese fish | M47: 4.8 | N47: Curated (verified) | O47: Chef Yoshio Sakuta. Five-metre hinoki counter, 8 seats - book roughly a month ahead. Relocated from Kempinski.
A48: 47 | B48: Japanese - Sushi Omakase | C48: Sushi Sato | D48: Singapore | E48: Dempsey Hill | F48: 6B Dempsey Rd, Singapore 247662 | G48: +65 8380 3830 | H48: Tue-Sun 12:00-15:00, 18:30-22:30; Mon closed | I48: MICHELIN Guide listed | J48: S$250-450 | K48: - | L48: Seared baby tuna with uni; grilled rock fish with mountain yam | M48: 4.9 | N48: Curated (verified) | O48: Nine-seat counter, quiet end of Dempsey. Chef Sato is personable. Note Chef Kawana has departed.
A49: 48 | B49: Japanese - Sushi Omakase | C49: Takahashi Singapore | D49: Singapore | E49: Mohamed Sultan Road | F49: 4 Mohamed Sultan Rd, Singapore 238955 | G49: +65 8877 0501 | H49: Daily 11:30-15:00, 18:30-22:30 | I49: - | J49: S$200-400 | K49: - | L49: Smoked sawara; tuna chashu sushi; ankimo | M49: 4.5 | N49: Curated (verified) | O49: First international outpost of Tokyo's Ginza original. Chef Rinto Sasagawa, trained under Chef Jun Takahashi from age 16.
A50: 49 | B50: Japanese - Sushi Omakase | C50: Teppei Japanese Restaurant | D50: Singapore | E50: Orchid Hotel / Tanjong Pagar | F50: 1 Tras Link, #01-18 Orchid Hotel Singapore, Singapore 078867 | G50: +65 8831 5185 | H50: Mon-Sat 11:45-14:30, 18:00-22:00; Sun closed | I50: Cult value counter | J50: Approx. S$60-100 | K50: - | L50: Dinner omakase; bluefin tuna; wagyu tartare; chawanmushi. Lunch: aburi salmon kaisendon | M50: 4.5 | N50: Curated (verified) | O50: Counter seating only. The original budget omakase institution - book well ahead.
... A53: 52 | B53: Japanese - Yakitori | C53: Torikami Singapore | D53: Singapore | E53: Duxton Road | F53: 34/35 Duxton Rd, Singapore 089498 | G53: +65 9022 1423 | H53: Fri-Wed 17:00-23:00; Thu closed | I53: Torishiki lineage | J53: Set tasting menu | K53: @torikami_singapore | L53: Set tasting menu; the 30-minute grilled broccoli; claypot rice finish | M53: 4.8 | N53: Curated (verified) | O53: Small, minimalist room with a full view of the grill. Menu and booking enquiries handled via Instagram DM.

Sheet SG · Noodles & Hawker
A1: # | B1: Food Type Category | C1: Name | D1: City / State | E1: Area / Location | F1: Address | G1: Phone | H1: Typical Hours | I1: Accolades | J1: Price Guide (per pax) | K1: Instagram / Web | L1: What To Order / Signature | M1: Google Rating | N1: Source | O1: Notes
A2: 1 | B2: SG Fried Kway Teow & Hokkien Mee | C2: Lao Fu Zi Fried Kway Teow | D2: Singapore | E2: - | F2: - | G2: - | H2: - | I2: MICHELIN Bib Gourmand 2026 | J2: - | K2: - | L2: - | N2: MICHELIN / web guides (Jul 2026) | O2: MICHELIN Guide Singapore Bib Gourmand 2026 (97 establishments). Category inferred from the establishment name; address, phone and hours not yet verified.
A3: 2 | B3: SG Fried Kway Teow & Hokkien Mee | C3: Nam Sing Hokkien Fried Mee | D3: Singapore | E3: Old Airport Road | F3: - | G3: - | H3: - | I3: MICHELIN Bib Gourmand 2026 | J3: - | K3: - | L3: - | N3: MICHELIN / web guides (Jul 2026) | O3: MICHELIN Guide Singapore Bib Gourmand 2026 (97 establishments). Category inferred from the establishment name; address, phone and hours not yet verified.
A4: 3 | B4: SG Fried Kway Teow & Hokkien Mee | C4: No.18 Zion Road Fried Kway Teow | D4: Singapore | E4: Zion Road | F4: - | G4: - | H4: - | I4: MICHELIN Bib Gourmand 2026 | J4: - | K4: - | L4: - | N4: MICHELIN / web guides (Jul 2026) | O4: MICHELIN Guide Singapore Bib Gourmand 2026 (97 establishments). Category inferred from the establishment name; address, phone and hours not yet verified.
A5: 4 | B5: SG Fried Kway Teow & Hokkien Mee | C5: Outram Park Fried Kway Teow Mee | D5: Singapore | E5: Hong Lim | F5: - | G5: - | H5: - | I5: MICHELIN Bib Gourmand 2026 | J5: - | K5: - | L5: - | N5: MICHELIN / web guides (Jul 2026) | O5: MICHELIN Guide Singapore Bib Gourmand 2026 (97 establishments). Category inferred from the establishment name; address, phone and hours not yet verified.
A6: 5 | B6: SG Fried Kway Teow & Hokkien Mee | C6: Singapore Fried Hokkien Mee | D6: Singapore | E6: - | F6: - | G6: - | H6: - | I6: MICHELIN Bib Gourmand 2026 | J6: - | K6: - | L6: - | N6: MICHELIN / web guides (Jul 2026) | O6: MICHELIN Guide Singapore Bib Gourmand 2026 (97 establishments). Category inferred from the establishment name; address, phone and hours not yet verified.
A7: 6 | B7: SG Fried Kway Teow & Hokkien Mee | C7: Wok Hei Hor Fun | D7: Singapore | E7: - | F7: - | G7: - | H7: - | I7: MICHELIN Bib Gourmand 2026 | J7: - | K7: - | L7: - | N7: MICHELIN / web guides (Jul 2026) | O7: MICHELIN Guide Singapore Bib Gourmand 2026 (97 establishments). Category inferred from the establishment name; address, phone and hours not yet verified.
A8: 7 | B8: SG Hawker - Other | C8: Albert Food Centre | D8: Singapore | E8: - | F8: - | G8: - | H8: - | I8: - | J8: - | K8: - | L8: - | N8: Omakase Diaries (Google Drive) | O8: From the 'Omakase Diaries' folder in Google Drive (one subfolder per meal). Country and food type were inferred from the folder name; details not verified unless shown.
A9: 8 | B9: SG Hawker - Other | C9: Heng | D9: Singapore | E9: - | F9: - | G9: - | H9: - | I9: MICHELIN Bib Gourmand 2026 | J9: - | K9: - | L9: - | N9: MICHELIN / web guides (Jul 2026) | O9: MICHELIN Guide Singapore Bib Gourmand 2026 (97 establishments). Category inferred from the establishment name; address, phone and hours not yet verified.
A10: 9 | B10: SG Hawker - Other | C10: Jia Xiang | D10: Singapore | E10: - | F10: - | G10: - | H10: - | I10: MICHELIN Bib Gourmand 2026 - NEW 2026 | J10: - | K10: - | L10: - | N10: MICHELIN / web guides (Jul 2026) | O10: MICHELIN Guide Singapore Bib Gourmand 2026 (97 establishments). Category inferred from the establishment name; address, phone and hours not yet verified.
A11: 10 | B11: SG Hawker - Other | C11: Quan Ji, Amoy Street Food Centre | D11: Singapore | E11: - | F11: - | G11: - | H11: - | I11: - | J11: - | K11: - | L11: - | N11: Omakase Diaries (Google Drive) | O11: From the 'Omakase Diaries' folder in Google Drive (one subfolder per meal). Country and food type were inferred from the folder name; details not verified unless shown.
A12: 11 | B12: SG Hawker - Other | C12: Shunfu Market (Lay Heng, Quan Ann) | D12: Singapore | E12: - | F12: - | G12: - | H12: - | I12: - | J12: - | K12: - | L12: - | N12: Omakase Diaries (Google Drive) | O12: From the 'Omakase Diaries' folder in Google Drive (one subfolder per meal). Country and food type were inferred from the folder name; details not verified unless shown.
A13: 12 | B13: SG Hawker - Other | C13: Xiangyee | D13: Singapore | E13: - | F13: - | G13: - | H13: - | I13: MICHELIN Bib Gourmand 2026 - NEW 2026 | J13: - | K13: - | L13: - | N13: MICHELIN / web guides (Jul 2026) | O13: MICHELIN Guide Singapore Bib Gourmand 2026 (97 establishments). Category inferred from the establishment name; address, phone and hours not yet verified.
... A34: 33 | B34: SG Noodles - Wanton Mee | C34: Yong Chun Wan Ton Noodle | D34: Singapore | E34: - | F34: - | G34: - | H34: - | I34: MICHELIN Bib Gourmand 2026 | J34: - | K34: - | L34: - | N34: MICHELIN / web guides (Jul 2026) | O34: MICHELIN Guide Singapore Bib Gourmand 2026 (97 establishments). Category inferred from the establishment name; address, phone and hours not yet verified.

Sheet SG · Rice, Soup & Porridge
A1: # | B1: Food Type Category | C1: Name | D1: City / State | E1: Area / Location | F1: Address | G1: Phone | H1: Typical Hours | I1: Accolades | J1: Price Guide (per pax) | K1: Instagram / Web | L1: What To Order / Signature | M1: Google Rating | N1: Source | O1: Notes
A2: 1 | B2: SG Bak Kut Teh | C2: Joo Siah Bak Koot Teh | D2: Singapore | E2: - | F2: - | G2: - | H2: - | I2: MICHELIN Bib Gourmand 2026 | J2: - | K2: - | L2: - | N2: MICHELIN / web guides (Jul 2026) | O2: MICHELIN Guide Singapore Bib Gourmand 2026 (97 establishments). Category inferred from the establishment name; address, phone and hours not yet verified.
A3: 2 | B3: SG Bak Kut Teh | C3: Sin Heng Claypot Bak Koot Teh | D3: Singapore | E3: - | F3: - | G3: - | H3: - | I3: MICHELIN Bib Gourmand 2026 | J3: - | K3: - | L3: - | N3: MICHELIN / web guides (Jul 2026) | O3: MICHELIN Guide Singapore Bib Gourmand 2026 (97 establishments). Category inferred from the establishment name; address, phone and hours not yet verified.
A4: 3 | B4: SG Bak Kut Teh | C4: Song Fa Bak Kut Teh (New Bridge Road) | D4: Singapore | E4: New Bridge Road | F4: - | G4: - | H4: - | I4: MICHELIN Bib Gourmand 2026 - 10-edition stalwart | J4: - | K4: - | L4: - | N4: MICHELIN / web guides (Jul 2026) | O4: MICHELIN Guide Singapore Bib Gourmand 2026 (97 establishments). Category inferred from the establishment name; address, phone and hours not yet verified.
A5: 4 | B5: SG Bak Kut Teh | C5: Song Fa Signatures, Paragon | D5: Singapore | E5: - | F5: - | G5: - | H5: - | I5: - | J5: - | K5: - | L5: - | N5: Omakase Diaries (Google Drive) | O5: From the 'Omakase Diaries' folder in Google Drive (one subfolder per meal). Country and food type were inferred from the folder name; details not verified unless shown.
A6: 5 | B6: SG Chicken Rice | C6: Boon Tong Kee (Balestier Road) | D6: Singapore | E6: Balestier Road | F6: - | G6: - | H6: - | I6: MICHELIN Bib Gourmand 2026 | J6: - | K6: - | L6: - | N6: MICHELIN / web guides (Jul 2026) | O6: MICHELIN Guide Singapore Bib Gourmand 2026 (97 establishments). Category inferred from the establishment name; address, phone and hours not yet verified.
A7: 6 | B7: SG Chicken Rice | C7: Hai Nan Zai | D7: Singapore | E7: - | F7: - | G7: - | H7: - | I7: MICHELIN Bib Gourmand 2026 | J7: - | K7: - | L7: - | N7: MICHELIN / web guides (Jul 2026) | O7: MICHELIN Guide Singapore Bib Gourmand 2026 (97 establishments). Category inferred from the establishment name; address, phone and hours not yet verified.
A8: 7 | B8: SG Chicken Rice | C8: Ji De Lai Hainanese Chicken Rice | D8: Singapore | E8: - | F8: - | G8: - | H8: - | I8: MICHELIN Bib Gourmand 2026 | J8: - | K8: - | L8: - | N8: MICHELIN / web guides (Jul 2026) | O8: MICHELIN Guide Singapore Bib Gourmand 2026 (97 establishments). Category inferred from the establishment name; address, phone and hours not yet verified.
A9: 8 | B9: SG Chicken Rice | C9: Margaret Drive Sin Kee Chicken Rice | D9: Singapore | E9: Margaret Drive | F9: - | G9: - | H9: - | I9: MICHELIN Bib Gourmand 2026 | J9: - | K9: - | L9: - | N9: MICHELIN / web guides (Jul 2026) | O9: MICHELIN Guide Singapore Bib Gourmand 2026 (97 establishments). Category inferred from the establishment name; address, phone and hours not yet verified.
A10: 9 | B10: SG Chicken Rice | C10: Nam Kee Chicken Rice | D10: Singapore | E10: - | F10: - | G10: - | H10: - | I10: - | J10: - | K10: - | L10: - | N10: Omakase Diaries (Google Drive) | O10: From the 'Omakase Diaries' folder in Google Drive (one subfolder per meal). Country and food type were inferred from the folder name; details not verified unless shown.
A11: 10 | B11: SG Chicken Rice | C11: Tian Tian Hainanese Chicken Rice | D11: Singapore | E11: Maxwell Food Centre | F11: - | G11: - | H11: - | I11: MICHELIN Bib Gourmand 2026 - 10-edition stalwart | J11: - | K11: - | L11: - | N11: MICHELIN / web guides (Jul 2026) | O11: MICHELIN Guide Singapore Bib Gourmand 2026 (97 establishments). Category inferred from the establishment name; address, phone and hours not yet verified.
A12: 11 | B12: SG Chicken Rice | C12: Tiong Bahru Hainanese Boneless Chicken Rice | D12: Singapore | E12: Tiong Bahru | F12: - | G12: - | H12: - | I12: MICHELIN Bib Gourmand 2026 - 10-edition stalwart | J12: - | K12: - | L12: - | N12: MICHELIN / web guides (Jul 2026) | O12: MICHELIN Guide Singapore Bib Gourmand 2026 (97 establishments). Category inferred from the establishment name; address, phone and hours not yet verified.
A13: 12 | B13: SG Claypot Rice | C13: Lian He Ben Ji Claypot | D13: Singapore | E13: Chinatown Complex | F13: - | G13: - | H13: - | I13: MICHELIN Bib Gourmand 2026 | J13: - | K13: - | L13: - | N13: MICHELIN / web guides (Jul 2026) | O13: MICHELIN Guide Singapore Bib Gourmand 2026 (97 establishments). Category inferred from the establishment name; address, phone and hours not yet verified.
... A39: 38 | B39: SG Yong Tau Foo | C39: Xiu Ji Ikan Bilis Yong Tau Fu | D39: Singapore | E39: Chinatown Complex | F39: - | G39: - | H39: - | I39: MICHELIN Bib Gourmand 2026 - NEW 2026 | J39: - | K39: - | L39: - | N39: MICHELIN / web guides (Jul 2026) | O39: MICHELIN Guide Singapore Bib Gourmand 2026 (97 establishments). Category inferred from the establishment name; address, phone and hours not yet verified.

Sheet SG · Zi Char & Seafood
A1: # | B1: Food Type Category | C1: Name | D1: City / State | E1: Area / Location | F1: Address | G1: Phone | H1: Typical Hours | I1: Accolades | J1: Price Guide (per pax) | K1: Instagram / Web | L1: What To Order / Signature | M1: Google Rating | N1: Source | O1: Notes
A2: 1 | B2: SG Seafood | C2: Alliance Seafood | D2: Singapore | E2: Newton Food Centre | F2: - | G2: - | H2: - | I2: MICHELIN Bib Gourmand 2026 - 10-edition stalwart | J2: - | K2: - | L2: - | N2: MICHELIN / web guides (Jul 2026) | O2: MICHELIN Guide Singapore Bib Gourmand 2026 (97 establishments). Category inferred from the establishment name; address, phone and hours not yet verified.
A3: 2 | B3: SG Seafood | C3: Jumbo Seafood, Dempsey | D3: Singapore | E3: - | F3: - | G3: - | H3: - | I3: - | J3: - | K3: - | L3: - | N3: Omakase Diaries (Google Drive) | O3: From the 'Omakase Diaries' folder in Google Drive (one subfolder per meal). Country and food type were inferred from the folder name; details not verified unless shown.
A4: 3 | B4: SG Seafood | C4: Seafood Paradise, VivoCity | D4: Singapore | E4: - | F4: - | G4: - | H4: - | I4: - | J4: - | K4: - | L4: - | N4: Omakase Diaries (Google Drive) | O4: From the 'Omakase Diaries' folder in Google Drive (one subfolder per meal). Country and food type were inferred from the folder name; details not verified unless shown.
A5: 4 | B5: SG Seafood | C5: Sin Huat Seafood Restaurant | D5: Singapore | E5: Geylang | F5: - | G5: - | H5: - | I5: MICHELIN Bib Gourmand 2026 - 10-edition stalwart | J5: - | K5: - | L5: - | N5: MICHELIN / web guides (Jul 2026) | O5: MICHELIN Guide Singapore Bib Gourmand 2026 (97 establishments). Category inferred from the establishment name; address, phone and hours not yet verified.
A6: 5 | B6: SG Zi Char & Cooked Food | C6: BaShu | D6: Singapore | E6: - | F6: - | G6: - | H6: - | I6: - | J6: - | K6: - | L6: - | N6: Omakase Diaries (Google Drive) | O6: From the 'Omakase Diaries' folder in Google Drive (one subfolder per meal). Country and food type were inferred from the folder name; details not verified unless shown.
A7: 6 | B7: SG Zi Char & Cooked Food | C7: Chamoon Hotpot, Scotts Square | D7: Singapore | E7: - | F7: - | G7: - | H7: - | I7: - | J7: - | K7: - | L7: - | N7: Omakase Diaries (Google Drive) | O7: From the 'Omakase Diaries' folder in Google Drive (one subfolder per meal). Country and food type were inferred from the folder name; details not verified unless shown.
A8: 7 | B8: SG Zi Char & Cooked Food | C8: Crystal Jade | D8: Singapore | E8: - | F8: - | G8: - | H8: - | I8: - | J8: - | K8: - | L8: - | N8: Omakase Diaries (Google Drive) | O8: From the 'Omakase Diaries' folder in Google Drive (one subfolder per meal). Country and food type were inferred from the folder name; details not verified unless shown.
A9: 8 | B9: SG Zi Char & Cooked Food | C9: Dian Xiao Er, Marina Square | D9: Singapore | E9: - | F9: - | G9: - | H9: - | I9: - | J9: - | K9: - | L9: - | N9: Omakase Diaries (Google Drive) | O9: From the 'Omakase Diaries' folder in Google Drive (one subfolder per meal). Country and food type were inferred from the folder name; details not verified unless shown.
A10: 9 | B10: SG Zi Char & Cooked Food | C10: Dudu Cooked Food | D10: Singapore | E10: - | F10: - | G10: - | H10: - | I10: MICHELIN Bib Gourmand 2026 | J10: - | K10: - | L10: - | N10: MICHELIN / web guides (Jul 2026) | O10: MICHELIN Guide Singapore Bib Gourmand 2026 (97 establishments). Category inferred from the establishment name; address, phone and hours not yet verified.
A11: 10 | B11: SG Zi Char & Cooked Food | C11: Eleven Finger (Eu Kee) Scissors Curry Rice | D11: Singapore | E11: - | F11: - | G11: - | H11: - | I11: - | J11: - | K11: - | L11: - | N11: Omakase Diaries (Google Drive) | O11: From the 'Omakase Diaries' folder in Google Drive (one subfolder per meal). Country and food type were inferred from the folder name; details not verified unless shown.
A12: 11 | B12: SG Zi Char & Cooked Food | C12: Fu Ming Cooked Food | D12: Singapore | E12: - | F12: - | G12: - | H12: - | I12: MICHELIN Bib Gourmand 2026 | J12: - | K12: - | L12: - | N12: MICHELIN / web guides (Jul 2026) | O12: MICHELIN Guide Singapore Bib Gourmand 2026 (97 establishments). Category inferred from the establishment name; address, phone and hours not yet verified.
A13: 12 | B13: SG Zi Char & Cooked Food | C13: Hakka Yu, VivoCity | D13: Singapore | E13: - | F13: - | G13: - | H13: - | I13: - | J13: - | K13: - | L13: - | N13: Omakase Diaries (Google Drive) | O13: From the 'Omakase Diaries' folder in Google Drive (one subfolder per meal). Country and food type were inferred from the folder name; details not verified unless shown.
... A35: 34 | B35: SG Zi Char & Cooked Food | C35: Zhup Zhup Noodles | D35: Singapore | E35: - | F35: - | G35: - | H35: - | I35: MICHELIN Bib Gourmand 2026 | J35: - | K35: - | L35: - | N35: MICHELIN / web guides (Jul 2026) | O35: MICHELIN Guide Singapore Bib Gourmand 2026 (97 establishments). Category inferred from the establishment name; address, phone and hours not yet verified.

Sheet SG · Indian, Malay & Peranakan
A1: # | B1: Food Type Category | C1: Name | D1: City / State | E1: Area / Location | F1: Address | G1: Phone | H1: Typical Hours | I1: Accolades | J1: Price Guide (per pax) | K1: Instagram / Web | L1: What To Order / Signature | M1: Google Rating | N1: Source | O1: Notes
A2: 1 | B2: SG Indian | C2: Anglo Indian (Shenton Way) | D2: Singapore | E2: Shenton Way | F2: - | G2: - | H2: - | I2: MICHELIN Bib Gourmand 2026 | J2: - | K2: - | L2: - | N2: MICHELIN / web guides (Jul 2026) | O2: MICHELIN Guide Singapore Bib Gourmand 2026 (97 establishments). Category inferred from the establishment name; address, phone and hours not yet verified.
A3: 2 | B3: SG Indian | C3: Apollo Banana Leaf | D3: Singapore | E3: - | F3: - | G3: - | H3: - | I3: - | J3: - | K3: - | L3: - | N3: Omakase Diaries (Google Drive) | O3: From the 'Omakase Diaries' folder in Google Drive (one subfolder per meal). Country and food type were inferred from the folder name; details not verified unless shown.
A4: 3 | B4: SG Indian | C4: Bismillah Biryani (Little India) | D4: Singapore | E4: Little India | F4: - | G4: - | H4: - | I4: MICHELIN Bib Gourmand 2026 - 10-edition stalwart | J4: - | K4: - | L4: - | N4: MICHELIN / web guides (Jul 2026) | O4: MICHELIN Guide Singapore Bib Gourmand 2026 (97 establishments). Category inferred from the establishment name; address, phone and hours not yet verified.
A5: 4 | B5: SG Indian | C5: Delhi Lahori | D5: Singapore | E5: - | F5: - | G5: - | H5: - | I5: MICHELIN Bib Gourmand 2026 | J5: - | K5: - | L5: - | N5: MICHELIN / web guides (Jul 2026) | O5: MICHELIN Guide Singapore Bib Gourmand 2026 (97 establishments). Category inferred from the establishment name; address, phone and hours not yet verified.
A6: 5 | B6: SG Indian | C6: Lagnaa | D6: Singapore | E6: Little India | F6: - | G6: - | H6: - | I6: MICHELIN Bib Gourmand 2026 - 10-edition stalwart | J6: - | K6: - | L6: - | N6: MICHELIN / web guides (Jul 2026) | O6: MICHELIN Guide Singapore Bib Gourmand 2026 (97 establishments). Category inferred from the establishment name; address, phone and hours not yet verified.
A7: 6 | B7: SG Indian | C7: Muthu's Curry | D7: Singapore | E7: Little India | F7: - | G7: - | H7: - | I7: MICHELIN Bib Gourmand 2026 | J7: - | K7: - | L7: - | N7: MICHELIN / web guides (Jul 2026) | O7: MICHELIN Guide Singapore Bib Gourmand 2026 (97 establishments). Category inferred from the establishment name; address, phone and hours not yet verified.
A8: 7 | B8: SG Indian | C8: Na Na Curry | D8: Singapore | E8: - | F8: - | G8: - | H8: - | I8: MICHELIN Bib Gourmand 2026 - 10-edition stalwart | J8: - | K8: - | L8: - | N8: MICHELIN / web guides (Jul 2026) | O8: MICHELIN Guide Singapore Bib Gourmand 2026 (97 establishments). Category inferred from the establishment name; address, phone and hours not yet verified.
A9: 8 | B9: SG Indian | C9: Rajarani Thosai | D9: Singapore | E9: - | F9: - | G9: - | H9: - | I9: MICHELIN Bib Gourmand 2026 - NEW 2026 | J9: - | K9: - | L9: - | N9: MICHELIN / web guides (Jul 2026) | O9: MICHELIN Guide Singapore Bib Gourmand 2026 (97 establishments). Category inferred from the establishment name; address, phone and hours not yet verified.
A10: 9 | B10: SG Nasi Lemak & Malay | C10: Kitchenman Nasi Lemak | D10: Singapore | E10: - | F10: - | G10: - | H10: - | I10: MICHELIN Bib Gourmand 2026 | J10: - | K10: - | L10: - | N10: MICHELIN / web guides (Jul 2026) | O10: MICHELIN Guide Singapore Bib Gourmand 2026 (97 establishments). Category inferred from the establishment name; address, phone and hours not yet verified.
A11: 10 | B11: SG Nasi Lemak & Malay | C11: Selamat Datang Warong Pak Sapari | D11: Singapore | E11: - | F11: - | G11: - | H11: - | I11: MICHELIN Bib Gourmand 2026 | J11: - | K11: - | L11: - | N11: MICHELIN / web guides (Jul 2026) | O11: MICHELIN Guide Singapore Bib Gourmand 2026 (97 establishments). Category inferred from the establishment name; address, phone and hours not yet verified.
A12: 11 | B12: SG Nasi Lemak & Malay | C12: The Coconut Club (Beach Road) | D12: Singapore | E12: Beach Road | F12: - | G12: - | H12: - | I12: MICHELIN Bib Gourmand 2026 | J12: - | K12: - | L12: - | N12: MICHELIN / web guides (Jul 2026) | O12: MICHELIN Guide Singapore Bib Gourmand 2026 (97 establishments). Category inferred from the establishment name; address, phone and hours not yet verified.
A13: 12 | B13: SG Peranakan | C13: The Blue Ginger | D13: Singapore | E13: Tanjong Pagar | F13: - | G13: - | H13: - | I13: MICHELIN Bib Gourmand 2026 | J13: - | K13: - | L13: - | N13: MICHELIN / web guides (Jul 2026) | O13: MICHELIN Guide Singapore Bib Gourmand 2026 (97 establishments). Category inferred from the establishment name; address, phone and hours not yet verified.
A14: 13 | B14: SG Peranakan | C14: True Blue Cuisine | D14: Singapore | E14: Armenian Street | F14: - | G14: - | H14: - | I14: MICHELIN Bib Gourmand 2026 - 10-edition stalwart | J14: - | K14: - | L14: - | N14: MICHELIN / web guides (Jul 2026) | O14: MICHELIN Guide Singapore Bib Gourmand 2026 (97 establishments). Category inferred from the establishment name; address, phone and hours not yet verified.

Sheet SG · Snacks, Kueh & Sides
A1: # | B1: Food Type Category | C1: Name | D1: City / State | E1: Area / Location | F1: Address | G1: Phone | H1: Typical Hours | I1: Accolades | J1: Price Guide (per pax) | K1: Instagram / Web | L1: What To Order / Signature | M1: Google Rating | N1: Source | O1: Notes
A2: 1 | B2: SG Oyster Omelette & Carrot Cake | C2: Chey Sua Carrot Cake | D2: Singapore | E2: Toa Payoh | F2: - | G2: - | H2: - | I2: MICHELIN Bib Gourmand 2026 - 10-edition stalwart | J2: - | K2: - | L2: - | N2: MICHELIN / web guides (Jul 2026) | O2: MICHELIN Guide Singapore Bib Gourmand 2026 (97 establishments). Category inferred from the establishment name; address, phone and hours not yet verified.
A3: 2 | B3: SG Oyster Omelette & Carrot Cake | C3: Ghim Moh Carrot Cake | D3: Singapore | E3: Ghim Moh Market | F3: - | G3: - | H3: - | I3: - | J3: - | K3: sethlui.com | L3: The other half of the Ghim Moh fried carrot cake rivalry. | N3: SETHLUI.com (Jul 2026) | O3: From sethlui.com, trawled 29 July 2026. Address, phone and hours as published by the site; food type inferred from the dish.
A4: 3 | B4: SG Oyster Omelette & Carrot Cake | C4: Hock Soon Fried Carrot Cake | D4: Singapore | E4: Ghim Moh Market | F4: - | G4: - | H4: - | I4: - | J4: - | K4: sethlui.com | L4: One half of the Ghim Moh fried carrot cake rivalry. | N4: SETHLUI.com (Jul 2026) | O4: From sethlui.com, trawled 29 July 2026. Address, phone and hours as published by the site; food type inferred from the dish.
A5: 4 | B5: SG Oyster Omelette & Carrot Cake | C5: Hup Kee Fried Oyster Omelette | D5: Singapore | E5: Newton Food Centre | F5: 500 Clemenceau Avenue North, #01-73 Newton Food Centre, Singapore 229495 | G5: - | H5: Wed-Sat 17:30-00:00; Sun-Tue closed | I5: MICHELIN Bib Gourmand 2026 - NEW 2026 | J5: - | K5: - | L5: - | N5: MICHELIN / web guides (Jul 2026) | O5: MICHELIN Guide Singapore Bib Gourmand 2026 (new entry). Started as a street stall. Address and hours per DanielFoodDiary (@danielfooddiary), 28 July 2026.
A6: 5 | B6: SG Snacks & Kueh | C6: Arc-en-ciel Patisserie | D6: Singapore | E6: - | F6: - | G6: - | H6: - | I6: - | J6: - | K6: - | L6: - | N6: Omakase Diaries (Google Drive) | O6: From the 'Omakase Diaries' folder in Google Drive (one subfolder per meal). Country and food type were inferred from the folder name; details not verified unless shown.
A7: 6 | B7: SG Snacks & Kueh | C7: Arteastique | D7: Singapore | E7: - | F7: - | G7: - | H7: - | I7: - | J7: - | K7: - | L7: - | N7: Omakase Diaries (Google Drive) | O7: From the 'Omakase Diaries' folder in Google Drive (one subfolder per meal). Country and food type were inferred from the folder name; details not verified unless shown.
A8: 7 | B8: SG Snacks & Kueh | C8: Hoo Kee Bak Chang | D8: Singapore | E8: Amoy Street Food Centre | F8: - | G8: - | H8: - | I8: MICHELIN Bib Gourmand 2026 - 10-edition stalwart | J8: - | K8: - | L8: - | N8: MICHELIN / web guides (Jul 2026) | O8: MICHELIN Guide Singapore Bib Gourmand 2026 (97 establishments). Category inferred from the establishment name; address, phone and hours not yet verified.
A9: 8 | B9: SG Snacks & Kueh | C9: J2 Famous Crispy Curry Puff | D9: Singapore | E9: Amoy Street Food Centre | F9: - | G9: - | H9: - | I9: MICHELIN Bib Gourmand 2026 - 10-edition stalwart | J9: - | K9: - | L9: - | N9: MICHELIN / web guides (Jul 2026) | O9: MICHELIN Guide Singapore Bib Gourmand 2026 (97 establishments). Category inferred from the establishment name; address, phone and hours not yet verified.
A10: 9 | B10: SG Snacks & Kueh | C10: Jian Bo Tiong Bahru Shui Kueh | D10: Singapore | E10: Tiong Bahru Market | F10: - | G10: - | H10: - | I10: MICHELIN Bib Gourmand 2026 | J10: - | K10: - | L10: - | N10: MICHELIN / web guides (Jul 2026) | O10: MICHELIN Guide Singapore Bib Gourmand 2026 (97 establishments). Category inferred from the establishment name; address, phone and hours not yet verified.
A11: 10 | B11: SG Snacks & Kueh | C11: Lai Heng Handmade Teochew Kueh | D11: Singapore | E11: - | F11: - | G11: - | H11: - | I11: MICHELIN Bib Gourmand 2026 | J11: - | K11: - | L11: - | N11: MICHELIN / web guides (Jul 2026) | O11: MICHELIN Guide Singapore Bib Gourmand 2026 (97 establishments). Category inferred from the establishment name; address, phone and hours not yet verified.
A12: 11 | B12: SG Snacks & Kueh | C12: Nan Yang Dao | D12: Singapore | E12: - | F12: - | G12: - | H12: - | I12: - | J12: - | K12: - | L12: - | N12: Omakase Diaries (Google Drive) | O12: From the 'Omakase Diaries' folder in Google Drive (one subfolder per meal). Country and food type were inferred from the folder name; details not verified unless shown.
A13: 12 | B13: SG Snacks & Kueh | C13: Pelatina | D13: Singapore | E13: - | F13: - | G13: - | H13: - | I13: - | J13: - | K13: - | L13: - | N13: Omakase Diaries (Google Drive) | O13: From the 'Omakase Diaries' folder in Google Drive (one subfolder per meal). Country and food type were inferred from the folder name; details not verified unless shown.
A14: 13 | B14: SG Snacks & Kueh | C14: Yixing Xuan Teahouse | D14: Singapore | E14: - | F14: - | G14: - | H14: - | I14: - | J14: - | K14: - | L14: - | N14: Omakase Diaries (Google Drive) | O14: From the 'Omakase Diaries' folder in Google Drive (one subfolder per meal). Country and food type were inferred from the folder name; details not verified unless shown.

Sheet SG · International & Western
A1: # | B1: Food Type Category | C1: Name | D1: City / State | E1: Area / Location | F1: Address | G1: Phone | H1: Typical Hours | I1: Accolades | J1: Price Guide (per pax) | K1: Instagram / Web | L1: What To Order / Signature | M1: Google Rating | N1: Source | O1: Notes
A2: 1 | B2: Italian - Pizza & Pasta | C2: La Bottega Enoteca | D2: Singapore | E2: Joo Chiat / Katong | F2: 346 Joo Chiat Rd, Singapore 427596 | G2: +65 9071 8400 | H2: Mon-Thu 17:30-22:30; Fri-Sat 11:30-15:00, 17:30-23:00; Sun 11:30-15:00, 17:30-22:30 | I2: Est. 2021; one of Singapore's most-reviewed Italians | J2: Mid-upper | K2: @labottegasg | L2: Fritta crab and nduja pizza; crabmeat pasta; parmesan cracker; tiramisu | M2: 4.7 | N2: Curated (verified) | O2: Vino, salumi, tradizione. Pasta and pizza made on the spot. Small signage - easy to walk past. Counter seats available without a booking.
A3: 2 | B3: Italian - Steakhouse | C3: Bottega di Carna | D3: Singapore | E3: Duxton Hill | F3: 16A Duxton Hl, #03-01, Singapore 089970 | G3: +65 6019 6000 | H3: Daily 07:00-00:00 | I3: - | J3: Upper | K3: @bottegadicarnasingapore | L3: Linguine alle vongole; truffle pasta in the cheese wheel; lobster pasta; Florentine steak; tomahawk | M3: 4.7 | N3: Curated (verified) | O3: Ask the manager about an off-menu chef's selection for larger groups. Strong sommelier team.
A4: 3 | B4: Italian - Trattoria | C4: Thirty9 | D4: Singapore | E4: Duxton Hill | F4: 39 Duxton Hl, Singapore 089617 | G4: +65 6717 3939 | H4: Mon-Sat 12:00-14:30, 18:00-22:30; Sun closed | I4: - | J4: Mid-upper | K4: thirty9.sg | L4: Sharing menu; Parma ham dough fritters; octopus; four-cheese pizza; tiramisu | M4: 4.8 | N4: Curated (verified) | O4: Shophouse setting with outdoor seating on Duxton Hill. Tables are close together. Coffee is the weak point - skip the espresso.
A5: 4 | B5: SG International & Western | C5: 5 on 25, Andaz | D5: Singapore | E5: - | F5: - | G5: - | H5: - | I5: - | J5: - | K5: - | L5: - | N5: Omakase Diaries (Google Drive) | O5: From the 'Omakase Diaries' folder in Google Drive (one subfolder per meal). Country and food type were inferred from the folder name; details not verified unless shown.
A6: 5 | B6: SG International & Western | C6: Acqua e Farina | D6: Singapore | E6: - | F6: - | G6: - | H6: - | I6: - | J6: - | K6: - | L6: - | N6: Omakase Diaries (Google Drive) | O6: From the 'Omakase Diaries' folder in Google Drive (one subfolder per meal). Country and food type were inferred from the folder name; details not verified unless shown.
A7: 6 | B7: SG International & Western | C7: Anto Pizza | D7: Singapore | E7: - | F7: - | G7: - | H7: - | I7: - | J7: - | K7: - | L7: - | N7: Omakase Diaries (Google Drive) | O7: From the 'Omakase Diaries' folder in Google Drive (one subfolder per meal). Country and food type were inferred from the folder name; details not verified unless shown.
A8: 7 | B8: SG International & Western | C8: Baan Khanom Thai | D8: Singapore | E8: - | F8: - | G8: - | H8: - | I8: - | J8: - | K8: - | L8: - | N8: Omakase Diaries (Google Drive) | O8: From the 'Omakase Diaries' folder in Google Drive (one subfolder per meal). Country and food type were inferred from the folder name; details not verified unless shown.
A9: 8 | B9: SG International & Western | C9: Bedrock Origin, Oasia | D9: Singapore | E9: - | F9: - | G9: - | H9: - | I9: - | J9: - | K9: - | L9: - | N9: Omakase Diaries (Google Drive) | O9: From the 'Omakase Diaries' folder in Google Drive (one subfolder per meal). Country and food type were inferred from the folder name; details not verified unless shown.
A10: 9 | B10: SG International & Western | C10: Bedrock, Pan Pacific | D10: Singapore | E10: - | F10: - | G10: - | H10: - | I10: - | J10: - | K10: - | L10: - | N10: Omakase Diaries (Google Drive) | O10: From the 'Omakase Diaries' folder in Google Drive (one subfolder per meal). Country and food type were inferred from the folder name; details not verified unless shown.
A11: 10 | B11: SG International & Western | C11: Beyond the Dough, Arab Street | D11: Singapore | E11: - | F11: - | G11: - | H11: - | I11: - | J11: - | K11: - | L11: - | N11: Omakase Diaries (Google Drive) | O11: From the 'Omakase Diaries' folder in Google Drive (one subfolder per meal). Country and food type were inferred from the folder name; details not verified unless shown.
A12: 11 | B12: SG International & Western | C12: Bistecca Tuscan Steakhouse | D12: Singapore | E12: - | F12: - | G12: - | H12: - | I12: - | J12: - | K12: - | L12: - | N12: Omakase Diaries (Google Drive) | O12: From the 'Omakase Diaries' folder in Google Drive (one subfolder per meal). Country and food type were inferred from the folder name; details not verified unless shown.
A13: 12 | B13: SG International & Western | C13: Boeuf | D13: Singapore | E13: - | F13: - | G13: - | H13: - | I13: - | J13: - | K13: - | L13: - | N13: Omakase Diaries (Google Drive) | O13: From the 'Omakase Diaries' folder in Google Drive (one subfolder per meal). Country and food type were inferred from the folder name; details not verified unless shown.
A14: 13 | B14: SG International & Western | C14: Bon | D14: Singapore | E14: - | F14: - | G14: - | H14: - | I14: - | J14: - | K14: - | L14: - | N14: Omakase Diaries (Google Drive) | O14: From the 'Omakase Diaries' folder in Google Drive (one subfolder per meal). Country and food type were inferred from the folder name; details not verified unless shown.
A15: 14 | B15: SG International & Western | C15: Brotzeit, VivoCity | D15: Singapore | E15: - | F15: - | G15: - | H15: - | I15: - | J15: - | K15: - | L15: - | N15: Omakase Diaries (Google Drive) | O15: From the 'Omakase Diaries' folder in Google Drive (one subfolder per meal). Country and food type were inferred from the folder name; details not verified unless shown.
A16: 15 | B16: SG International & Western | C16: Buko Nero | D16: Singapore | E16: - | F16: - | G16: - | H16: - | I16: - | J16: - | K16: - | L16: - | N16: Omakase Diaries (Google Drive) | O16: From the 'Omakase Diaries' folder in Google Drive (one subfolder per meal). Country and food type were inferred from the folder name; details not verified unless shown.
... A51: 50 | B51: SG International & Western | C51: Prada Caffe | D51: Singapore | E51: - | F51: - | G51: - | H51: - | I51: - | J51: - | K51: - | L51: - | N51: Omakase Diaries (Google Drive) | O51: From the 'Omakase Diaries' folder in Google Drive (one subfolder per meal). Country and food type were inferred from the folder name; details not verified unless shown.
A52: 51 | B52: SG International & Western | C52: Province | D52: Singapore | E52: Joo Chiat / Katong | F52: 153 Joo Chiat Rd, 808 Eating House, Singapore 427431 | G52: +65 8075 1896 | H52: Wed-Sun 12:30-15:30, 19:00-23:00; Mon-Tue closed | I52: Tatler Singapore 2025 & 2026 | J52: - | K52: @province.sg / linktr.ee/province.sg | L52: Tasting menu built on local and regional produce; wine and sake or non-alcoholic pairing | M52: 4.8 | N52: Curated (verified) | O52: Speakeasy-style room inside an eating house, run by three local chefs (incl. Chef JJ). Farm-to-table leaning, courses reference local dishes. Reservations open August 2026.
A53: 52 | B53: SG International & Western | C53: Sarai Fine Thai, Tanglin Mall | D53: Singapore | E53: - | F53: - | G53: - | H53: - | I53: - | J53: - | K53: - | L53: - | N53: Omakase Diaries (Google Drive) | O53: From the 'Omakase Diaries' folder in Google Drive (one subfolder per meal). Country and food type were inferred from the folder name; details not verified unless shown.
A54: 53 | B54: SG International & Western | C54: Singapura Club | D54: Singapore | E54: - | F54: - | G54: - | H54: - | I54: - | J54: - | K54: - | L54: - | N54: Omakase Diaries (Google Drive) | O54: From the 'Omakase Diaries' folder in Google Drive (one subfolder per meal). Country and food type were inferred from the folder name; details not verified unless shown.
A55: 54 | B55: SG International & Western | C55: Sofra | D55: Singapore | E55: - | F55: - | G55: - | H55: - | I55: - | J55: - | K55: - | L55: - | N55: Omakase Diaries (Google Drive) | O55: From the 'Omakase Diaries' folder in Google Drive (one subfolder per meal). Country and food type were inferred from the folder name; details not verified unless shown.
A56: 55 | B56: SG International & Western | C56: Summer Hill, Claymore Connect | D56: Singapore | E56: - | F56: - | G56: - | H56: - | I56: - | J56: - | K56: - | L56: - | N56: Omakase Diaries (Google Drive) | O56: From the 'Omakase Diaries' folder in Google Drive (one subfolder per meal). Country and food type were inferred from the folder name; details not verified unless shown.
A57: 56 | B57: SG International & Western | C57: Surrey Hills Grocer | D57: Singapore | E57: - | F57: - | G57: - | H57: - | I57: - | J57: - | K57: - | L57: - | N57: Omakase Diaries (Google Drive) | O57: From the 'Omakase Diaries' folder in Google Drive (one subfolder per meal). Country and food type were inferred from the folder name; details not verified unless shown.
A58: 57 | B58: SG International & Western | C58: The Black Pearl | D58: Singapore | E58: - | F58: - | G58: - | H58: - | I58: - | J58: - | K58: - | L58: - | N58: Omakase Diaries (Google Drive) | O58: From the 'Omakase Diaries' folder in Google Drive (one subfolder per meal). Country and food type were inferred from the folder name; details not verified unless shown.
A59: 58 | B59: SG International & Western | C59: Tinto | D59: Singapore | E59: - | F59: - | G59: - | H59: - | I59: - | J59: - | K59: - | L59: - | N59: Omakase Diaries (Google Drive) | O59: From the 'Omakase Diaries' folder in Google Drive (one subfolder per meal). Country and food type were inferred from the folder name; details not verified unless shown.
A60: 59 | B60: SG International & Western | C60: Todamgol | D60: Singapore | E60: - | F60: - | G60: - | H60: - | I60: - | J60: - | K60: - | L60: - | N60: Omakase Diaries (Google Drive) | O60: From the 'Omakase Diaries' folder in Google Drive (one subfolder per meal). Country and food type were inferred from the folder name; details not verified unless shown.
A61: 60 | B61: SG International & Western | C61: Tomahawk | D61: Singapore | E61: - | F61: - | G61: - | H61: - | I61: - | J61: - | K61: - | L61: - | N61: Omakase Diaries (Google Drive) | O61: From the 'Omakase Diaries' folder in Google Drive (one subfolder per meal). Country and food type were inferred from the folder name; details not verified unless shown.
A62: 61 | B62: SG International & Western | C62: Torno Subito, Dempsey | D62: Singapore | E62: - | F62: - | G62: - | H62: - | I62: - | J62: - | K62: - | L62: - | N62: Omakase Diaries (Google Drive) | O62: From the 'Omakase Diaries' folder in Google Drive (one subfolder per meal). Country and food type were inferred from the folder name; details not verified unless shown.
A63: 62 | B63: SG International & Western | C63: Um Yong Baek | D63: Singapore | E63: - | F63: - | G63: - | H63: - | I63: - | J63: - | K63: - | L63: - | N63: Omakase Diaries (Google Drive) | O63: From the 'Omakase Diaries' folder in Google Drive (one subfolder per meal). Country and food type were inferred from the folder name; details not verified unless shown.
A64: 63 | B64: SG International & Western | C64: Un-Yang-Kor-Dai | D64: Singapore | E64: - | F64: - | G64: - | H64: - | I64: MICHELIN Bib Gourmand 2026 | J64: - | K64: - | L64: - | N64: MICHELIN / web guides (Jul 2026) | O64: MICHELIN Guide Singapore Bib Gourmand 2026 (97 establishments). Category inferred from the establishment name; address, phone and hours not yet verified.
... A69: 68 | B69: SG International & Western | C69: Yhingthai Palace | D69: Singapore | E69: Purvis Street | F69: - | G69: - | H69: - | I69: MICHELIN Bib Gourmand 2026 - 10-edition stalwart | J69: - | K69: - | L69: - | N69: MICHELIN / web guides (Jul 2026) | O69: MICHELIN Guide Singapore Bib Gourmand 2026 (97 establishments). Category inferred from the establishment name; address, phone and hours not yet verified.
A70: 69 | B70: Spanish - Tapas | C70: Carlitos Casa de Comidas | D70: Singapore | E70: Joo Chiat / Katong | F70: 350 Joo Chiat Rd, Singapore 427598 | G70: - | H70: Mon-Thu 17:30-22:30; Fri-Sat 11:30-15:00, 17:30-23:00; Sun 11:30-15:00, 17:30-22:30 | I70: - | J70: Mid | K70: SevenRooms booking | L70: Paella of the day with secreto iberico; pepito madrid; molletes; batatas bravas; charred green peppers | M70: 4.6 | N70: Curated (verified) | O70: Everything comes tapas-sized, so order widely. Reservations open up to 6 weeks ahead; private room for larger groups; walk-ins subject to availability. Dog-friendly outdoor seating. Two doors from La Bottega Enoteca.
A71: 70 | B71: Wellness - Head Spa | C71: Revive Sanctuary | D71: Singapore | E71: Tanjong Pagar Plaza | F71: 1 Tanjong Pagar Plz, #02-49, Singapore 082001 | G71: +65 8816 8989 | H71: Tue-Sat 10:30-20:30; Sun 10:00-18:00; Mon closed | I71: - | J71: Bali head spa from S$68; other rituals priced higher | K71: @revivesanctuary.sg | L71: 75-minute Bali Thai head spa - sound meditation, Thai head bojin massage, waterfall scalp cleansing, hot stone | M71: 4.8 | N71: Curated (verified) | O71: Included for completeness - this is a spa, not a restaurant. About 5 minutes' walk from Tanjong Pagar MRT. No product upselling reported. Promotional pricing has been advertised as Singaporean and PR only.

Sheet MY · Fine Dining & Japanese
A1: # | B1: Food Type Category | C1: Name | D1: City / State | E1: Area / Location | F1: Address | G1: Phone | H1: Typical Hours | I1: Accolades | J1: Price Guide (per pax) | K1: Instagram / Web | L1: What To Order / Signature | M1: Google Rating | N1: Source | O1: Notes
A2: 1 | B2: Japanese - Kaiseki | C2: K KL | D2: Kuala Lumpur | E2: ILHAM Tower / Jalan Binjai | F2: Level 37, ILHAM Tower, 8 Jln Binjai, 50450 Kuala Lumpur | G2: +60 12-409 2114 | H2: Wed-Sat 18:00-23:00; Sun-Tue closed | I2: New entry, MICHELIN Guide KL & Penang 2026 | J2: RM800-1,500+ | K2: - | L2: 16-course modern kaiseki using foraged local ingredients; coral lobster; abalone soba | M2: 4.9 | N2: Curated (verified) | O2: Only 12-15 guests, roughly one chef per two diners. Full glass facade on the 37th floor. Around three hours.
A3: 2 | B3: Japanese - Kaiseki | C3: K Kaiseki | D3: Kuala Lumpur | E3: - | F3: - | G3: - | H3: - | I3: MICHELIN Selected 2026 | J3: - | K3: - | L3: - | N3: MICHELIN / web guides (Jul 2026) | O3: MICHELIN Guide Kuala Lumpur & Penang 2026 selection. Category inferred from the establishment name; address, phone and hours not yet verified.
A4: 3 | B4: Japanese - Kappo | C4: Wagyu Kappo Yoshida | D4: Kuala Lumpur | E4: - | F4: - | G4: - | H4: - | I4: MICHELIN Selected 2026 | J4: - | K4: - | L4: - | N4: MICHELIN / web guides (Jul 2026) | O4: MICHELIN Guide Kuala Lumpur & Penang 2026 selection. Category inferred from the establishment name; address, phone and hours not yet verified.
A5: 4 | B5: Japanese - Modern | C5: Atelier Binchotan | D5: Kuala Lumpur | E5: - | F5: - | G5: - | H5: - | I5: MICHELIN Selected 2026 | J5: - | K5: - | L5: - | N5: MICHELIN / web guides (Jul 2026) | O5: MICHELIN Guide Kuala Lumpur & Penang 2026 selection. Category inferred from the establishment name; address, phone and hours not yet verified.
A6: 5 | B6: Japanese - Modern | C6: Hokano | D6: Selangor | E6: Damansara Uptown | F6: - | G6: - | H6: - | I6: - | J6: - | K6: bangsarbabe.com | L6: Hokano roll | N6: Chiefeater / Bangsar Babe (Jul 2026) | O6: From bangsarbabe.com (Bangsar Babe), trawled 29 July 2026. Food type inferred; address, phone and hours not verified unless shown. Some entries date from earlier years - confirm the outlet is still open.
A7: 6 | B7: Japanese - Modern | C7: Ichiriki Japanese Restaurant | D7: Kuala Lumpur | E7: Mid Valley | F7: - | G7: - | H7: - | I7: - | J7: - | K7: chiefeater.com | L7: - | N7: Chiefeater / Bangsar Babe (Jul 2026) | O7: From chiefeater.com index and Best-Of pages, trawled 29 July 2026. Area as stated by the site; food type inferred; address, phone and hours not verified.
A8: 7 | B8: Japanese - Modern | C8: Kikubari | D8: Kuala Lumpur | E8: Damansara City Mall / Pusat Bandar Damansara | F8: L3-01A, Damansara City Mall, Jalan Damanlela, Pusat Bandar Damansara, 50490 Kuala Lumpur | G8: +60 13-362 4546 | H8: Confirm on booking | I8: Award-winning progressive Japanese | J8: Signature tasting menu | K8: - | L8: Signature tasting menu; fruit tomato amela; strong vegetarian options | M8: 4.2 | N8: Curated (verified) | O8: French-Japanese, tapas-style rather than classical omakase. Rooftop of DC Mall with Japanese sand-art floor. Confirm signature dishes are available.
A9: 8 | B9: Japanese - Modern | C9: Menya Appare | D9: Kuala Lumpur | E9: The Gardens, Mid Valley | F9: - | G9: - | H9: - | I9: - | J9: - | K9: chiefeater.com | L9: Ramen | N9: Chiefeater / Bangsar Babe (Jul 2026) | O9: From chiefeater.com index and Best-Of pages, trawled 29 July 2026. Area as stated by the site; food type inferred; address, phone and hours not verified.
A10: 9 | B10: Japanese - Modern | C10: Mitsu by Two Chefs | D10: Kuala Lumpur | E10: - | F10: - | G10: - | H10: - | I10: - | J10: - | K10: chiefeater.com | L10: - | N10: Chiefeater / Bangsar Babe (Jul 2026) | O10: From chiefeater.com index and Best-Of pages, trawled 29 July 2026. Area as stated by the site; food type inferred; address, phone and hours not verified.
A11: 10 | B11: Japanese - Modern | C11: Nobu Kuala Lumpur | D11: Kuala Lumpur | E11: Four Seasons Place / Jalan Ampang | F11: L4A-05, Level 4A, Shoppes at Four Seasons Place, 145 Jln Ampang, 50450 Kuala Lumpur | G11: +60 3-2380 0028 | H11: Daily 11:45-14:00, 18:00-22:00 | I11: International Nobu group | J11: RM400-800 | K11: - | L11: Yellowtail jalapeno; new-style sashimi; black cod; omakase on request | M11: 4 | N11: Curated (verified) | O11: Creative rather than purist. Portions run small for the price. Request a window table.
A12: 11 | B12: Japanese - Modern | C12: Taverna by Tokyo | D12: Kuala Lumpur | E12: Abdullah Hukum | F12: - | G12: - | H12: - | I12: - | J12: - | K12: chiefeater.com | L12: - | N12: Chiefeater / Bangsar Babe (Jul 2026) | O12: From chiefeater.com index and Best-Of pages, trawled 29 July 2026. Area as stated by the site; food type inferred; address, phone and hours not verified.
A13: 12 | B13: Japanese - Modern | C13: Tenmasa | D13: Kuala Lumpur | E13: - | F13: - | G13: - | H13: - | I13: MICHELIN Selected 2026 | J13: - | K13: - | L13: - | N13: MICHELIN / web guides (Jul 2026) | O13: MICHELIN Guide Kuala Lumpur & Penang 2026 selection. Category inferred from the establishment name; address, phone and hours not yet verified.
A14: 13 | B14: Japanese - Modern | C14: UMI Japanese Restaurant | D14: Kuala Lumpur | E14: Imperial Lexis KL / Jalan Kia Peng | F14: Level 52, Imperial Lexis Kuala Lumpur, 15 Jalan Kia Peng, 50450 Kuala Lumpur | G14: +60 3-2177 1188 | H14: Mon-Sat 12:00-15:00, 18:00-23:00; Sun closed | I14: - | J14: RM250-500 | K14: - | L14: Seasonal set menus; chawanmushi with caviar; black cod with yuzu teriyaki | M14: 4.7 | N14: Curated (verified) | O14: 52nd floor with KLCC and KL Tower views. Corkage applies for outside cakes. Sky deck is residents-only.
A15: 14 | B15: Japanese - Modern | C15: Ushi | D15: Kuala Lumpur | E15: - | F15: - | G15: - | H15: - | I15: MICHELIN Selected 2026 | J15: - | K15: - | L15: - | N15: MICHELIN / web guides (Jul 2026) | O15: MICHELIN Guide Kuala Lumpur & Penang 2026 selection. Category inferred from the establishment name; address, phone and hours not yet verified.
A16: 15 | B16: Japanese - Multi-concept | C16: Hanare Japanese Restaurant | D16: Kuala Lumpur | E16: The Intermark / Jalan Tun Razak | F16: Vista Tower, 182 Jln Tun Razak, Kampung Datuk Keramat, 50400 Kuala Lumpur | G16: +60 12-286 0210 | H16: Confirm on booking | I16: - | J16: RM380++ omakase; weekend a la carte brunch | K16: - | L16: Omakase menu; chutoro and oysters from Toyosu; wagyu | M16: 4.4 | N16: Curated (verified) | O16: Sushi counter, bar, teppanyaki seating and private rooms. Menu changes seasonally. Accommodating for elderly guests and larger groups.
A17: 16 | B17: Japanese - Multi-concept | C17: Iketeru | D17: Kuala Lumpur | E17: Hilton Kuala Lumpur / KL Sentral | F17: Level 8, Hilton Kuala Lumpur, 3 Jalan Stesen Sentral, 50470 Kuala Lumpur | G17: +60 3-2264 2264 | H17: Daily 12:00-14:30, 18:30-22:30 | I17: Long-standing KL institution | J17: RM250-600 | K17: - | L17: Teppanyaki counter; unagi set; sashimi platters | M17: 4.5 | N17: Curated (verified) | O17: Reliable for business entertaining and larger tables rather than a pure omakase counter.
A18: 17 | B18: Japanese - Sushi Kappo | C18: Kazu | D18: Kuala Lumpur | E18: Bukit Damansara | F18: Jalan Gelenggang, Bukit Damansara, 50490 Kuala Lumpur | G18: +60 11-1687 3598 | H18: Tue-Sun 12:00-15:00, 19:00-22:30; Mon closed | I18: New entry, MICHELIN Guide KL & Penang 2026 | J18: RM400-800 | K18: - | L18: Otoro; seasonal sashimi and nigiri; clean, unsauced style | M18: 4.6 | N18: Curated (verified) | O18: Led by Chef Shibata, one of KL's most established sushi chefs. Chef adjusts shari size on request.
A19: 18 | B19: Japanese - Sushi Omakase | C19: EDJU Omakase | D19: Kuala Lumpur | E19: Damansara City Mall / Pusat Bandar Damansara | F19: G-19, Ground Floor, Damansara City Mall, 6 Jalan Damanlela, 50490 Kuala Lumpur | G19: +60 12-301 3060 | H19: Confirm on booking | I19: - | J19: Premium omakase; 20-piece sushi set approx. RM430++ | K19: @ed.ju_restaurant | L19: Edomae-style sushi and dessert course | M19: 4.3 | N19: Curated (verified) | O19: Reopened after a long renovation with a Michelin-experienced Japanese chef. Reviews on value are mixed - be clear about add-ons before ordering.
A20: 19 | B20: Japanese - Sushi Omakase | C20: Kaishin Sushi Omakase | D20: Penang | E20: George Town | F20: 69 Jalan Sri Bahari, George Town, 10050 Penang | G20: +60 14-228 8069 | H20: Tue-Sun 18:00-22:30; Mon closed | I20: Penang's standout omakase counter | J20: Mid to upper range | K20: - | L20: Seasonal Japanese dishes; nuanced vinegar work in the shari | M20: 4.9 | N20: Curated (verified) | O20: Small, discreet signage. Generous portions by omakase standards. Ingredients sourced directly from Japan.
A21: 20 | B21: Japanese - Sushi Omakase | C21: Kamii Sushi Omakase | D21: Johor Bahru | E21: Eco Palladium / Taman Ekoflora | F21: 02-17, Block A, Pusat Perdagangan Ekoflora, Jln Ekoflora 7/3, Taman Ekoflora, 81100 Johor Bahru | G21: +60 18-461 1132 | H21: Tue-Sun 18:00-23:00; Mon closed | I21: Leading JB counter | J21: Mid range - strong value vs Singapore | K21: - | L21: Seasonal nigiri; yuzu radish; well-seasoned shari | M21: 4.9 | N21: Curated (verified) | O21: Black-and-gold modern room, counter seating. Reserve ahead. A practical option when crossing from Singapore.
A22: 21 | B22: Japanese - Sushi Omakase | C22: Kinome | D22: Kuala Lumpur | E22: Lot 10 / Isetan The Japan Store | F22: 4th Floor, Isetan The Japan Store, Lot 10, 50 Jln Sultan Ismail, Bukit Bintang, 50520 Kuala Lumpur | G22: +60 12-320 4238 | H22: Daily 12:00-15:00, 18:00-23:00 | I22: - | J22: 'Kinome' 18-course set approx. RM398++ | K22: - | L22: 18-course omakase; fresh nigiri; Lot 10 Japanese cheesecake as dessert | M22: 4.9 | N22: Curated (verified) | O22: Reported to be fully halal - useful for mixed groups. Book ahead.
A23: 22 | B23: Japanese - Sushi Omakase | C23: Kumo Omakase | D23: Kuala Lumpur | E23: KL / PJ | F23: - | G23: - | H23: - | I23: - | J23: - | K23: chiefeater.com | L23: - | N23: Chiefeater / Bangsar Babe (Jul 2026) | O23: From chiefeater.com index and Best-Of pages, trawled 29 July 2026. Area as stated by the site; food type inferred; address, phone and hours not verified.
A24: 23 | B24: Japanese - Sushi Omakase | C24: Manten Omakase | D24: Kuala Lumpur | E24: Star Residences / Jalan Yap Kwan Seng | F24: Level 88, Tower 2 Rooftop, Star Residence, 1 Jalan Yap Kwan Seng, 53300 Kuala Lumpur | G24: +60 16-755 2200 | H24: Daily 11:30-14:30, 18:00-22:30 | I24: - | J24: Mid to upper range; Tsuyu menu | K24: 4.8 | L24: - | M24: Uni with ikura; seasonal ingredients flown from Japan | N24: Curated (verified) | O24: 4.8
A25: 24 | B25: Japanese - Sushi Omakase | C25: Sushi Azabu | D25: Kuala Lumpur | E25: Isetan KLCC / Petronas Twin Towers | F25: Lot G48, Isetan, Ground Floor, Park Side, Petronas Twin Towers, KLCC, 50088 Kuala Lumpur | G25: +60 12-789 8632 | H25: Daily 12:00-15:00, 18:00-22:30 | I25: Offshoot of the MICHELIN-starred New York restaurant | J25: Approx. RM588 (16-course); Ume set is the value option | K25: - | L25: Anago; soybean ice cream; caramelised tamago | M25: 4.3 | N25: Curated (verified) | O25: Maximum six seats - you are paying for the chef's full attention. Entrance is tricky to find.
A26: 25 | B26: Japanese - Sushi Omakase | C26: Sushi Hibiki | D26: Kuala Lumpur | E26: Four Seasons Place / Jalan Ampang | F26: G7(A), Ground Floor, Four Seasons Place KL, 145 Jln Ampang, 50450 Kuala Lumpur | G26: +60 3-2383 0272 | H26: Tue-Fri 18:00-22:00; Sat-Sun 12:30-14:30, 18:00-22:00; Mon closed | I26: Widely regarded as KL's leading omakase | J26: RM500-1,000+ | K26: - | L26: Kiwami course; young bluefin tuna; teppanyaki with rare vegetables; lobster soup | M26: 4.8 | N26: Curated (verified) | O26: Two chefs at one counter - Masaki 'Markey' Arakawa and Makoto 'Sam' Saito. Watch for seasonal guest-chef collaborations. Mostly bar seating; one large table.
A27: 26 | B27: Japanese - Sushi Omakase | C27: Sushi Masa | D27: Kuala Lumpur | E27: - | F27: - | G27: - | H27: - | I27: MICHELIN Selected 2026 | J27: - | K27: - | L27: - | N27: MICHELIN / web guides (Jul 2026) | O27: MICHELIN Guide Kuala Lumpur & Penang 2026 selection. Category inferred from the establishment name; address, phone and hours not yet verified.
A28: 27 | B28: Japanese - Sushi Omakase | C28: Sushi Ori | D28: Kuala Lumpur | E28: Bukit Bintang / Menara Keck Seng | F28: Unit PG-01, GF, Podium Block, Menara Keck Seng, 203 Jalan Bukit Bintang, 55100 Kuala Lumpur | G28: +60 3-2110 0068 | H28: Tue-Sat 12:00-14:30, 18:00-22:00; Sun dinner only; Mon closed | I28: MICHELIN Guide KL & Penang listed | J28: RM400-850++; seasonal menus to RM1,180++ | K28: - | L28: Omakase nigiri; seasonal sets | M28: 4.7 | N28: Curated (verified) | O28: Chef Ori has lived in Malaysia over 10 years; opened 2019. Ingredients from Japan three times a week; Akita sushi rice with a house vinegar blend. Limited counter seats - book well ahead. Private rooms available.
A29: 28 | B29: Japanese - Sushi Omakase | C29: Sushi Oribe | D29: Kuala Lumpur | E29: Jalan Kia Peng / Vipod Residences | F29: Ground Floor Block C-1, 6 Jalan Kia Peng, 50450 Kuala Lumpur | G29: +60 18-204 0084 | H29: Tue-Sun 12:00-15:00, 18:00-22:00 (later Fri-Sun); Mon closed | I29: Long-established KL favourite | J29: Special Omakase approx. RM1,180 | K29: - | L29: Yellowtail fin and flounder fin nigiri; seasonal sashimi | M29: 4.6 | N29: Curated (verified) | O29: Chef Nao. Ten-plus years in operation. Book counter seats for the full experience.
A30: 29 | B30: Japanese - Sushi Omakase | C30: Sushi Ryu | D30: Kuala Lumpur | E30: Platinum Park / KLCC | F30: Unit 3.3, Level 2, Platinum Park Tower 1, 11 Persiaran KLCC, 50088 Kuala Lumpur | G30: +60 3-2181 1533 | H30: Mon-Sat 12:00-15:00, 18:00-22:30; Sun closed | I30: Often cited as best value omakase in KL | J30: Lunch from RM279; dinner 'Sakura' from RM579 | K30: - | L30: Prawn sushi topped with foie gras; sake pairings | M30: 4.7 | N30: Curated (verified) | O30: Produce flown in Tuesday and Friday. Contemporary sushiya - truffle, caviar and wagyu alongside Japanese seafood.
A31: 30 | B31: Japanese - Sushi Omakase | C31: Sushi Taka (TAKA) | D31: Kuala Lumpur | E31: The St. Regis / KL Sentral | F31: Level 3A, The St. Regis, 6 Jalan Stesen Sentral 2, KL Sentral, 50470 Kuala Lumpur | G31: +60 12-330 3600 | H31: Mon, Thu-Sun 12:00-14:30, 18:00-22:00; Wed dinner only; Tue closed | I31: Premium hotel counter | J31: RM1,000-2,000 | K31: - | L31: Hana Omakase; charcoal-seared grunt fish sashimi; blackthroat seaperch sushi | M31: 4.4 | N31: Curated (verified) | O31: Top of the KL price range. Counter seating with the chef is the point - confirm the chef is in before booking.

Sheet MY · Modern & Western
A1: # | B1: Food Type Category | C1: Name | D1: City / State | E1: Area / Location | F1: Address | G1: Phone | H1: Typical Hours | I1: Accolades | J1: Price Guide (per pax) | K1: Instagram / Web | L1: What To Order / Signature | M1: Google Rating | N1: Source | O1: Notes
A2: 1 | B2: Modern & Western | C2: A Wet Thai Restaurant | D2: Selangor | E2: Puchong | F2: - | G2: - | H2: - | I2: - | J2: - | K2: bangsarbabe.com | L2: Thai | N2: Chiefeater / Bangsar Babe (Jul 2026) | O2: From bangsarbabe.com (Bangsar Babe), trawled 29 July 2026. Food type inferred; address, phone and hours not verified unless shown. Some entries date from earlier years - confirm the outlet is still open.
A3: 2 | B3: Modern & Western | C3: After One | D3: Kuala Lumpur | E3: - | F3: - | G3: - | H3: - | I3: - | J3: - | K3: chiefeater.com | L3: Big breakfast | N3: Chiefeater / Bangsar Babe (Jul 2026) | O3: From chiefeater.com index and Best-Of pages, trawled 29 July 2026. Area as stated by the site; food type inferred; address, phone and hours not verified.
A4: 3 | B4: Modern & Western | C4: Akar | D4: Kuala Lumpur | E4: - | F4: - | G4: - | H4: - | I4: One MICHELIN star 2026 (NEW) | J4: - | K4: - | L4: Chef Aidan Low; TTDI shop lot; Malaysian produce with Japanese and French influence | N4: MICHELIN / web guides (Jul 2026) | O4: MICHELIN Guide Kuala Lumpur & Penang 2026 selection. Category inferred from the establishment name; address, phone and hours not yet verified.
A5: 4 | B5: Modern & Western | C5: Au Jardin | D5: Penang | E5: - | F5: - | G5: - | H5: - | I5: One MICHELIN star 2026 | J5: - | K5: - | L5: Chef Kim Hock Su; modern European in a converted warehouse at Hin Bus Depot; 18 seats | N5: MICHELIN / web guides (Jul 2026) | O5: MICHELIN Guide Kuala Lumpur & Penang 2026 selection. Category inferred from the establishment name; address, phone and hours not yet verified.
A6: 5 | B6: Modern & Western | C6: Baan Rao | D6: Selangor | E6: Petaling Jaya | F6: - | G6: - | H6: - | I6: - | J6: - | K6: bangsarbabe.com | L6: Thai | N6: Chiefeater / Bangsar Babe (Jul 2026) | O6: From bangsarbabe.com (Bangsar Babe), trawled 29 July 2026. Food type inferred; address, phone and hours not verified unless shown. Some entries date from earlier years - confirm the outlet is still open.
A7: 6 | B7: Modern & Western | C7: Baan Thai 2 | D7: Kuala Lumpur | E7: Jalan Kuchai Lama | F7: - | G7: - | H7: - | I7: - | J7: - | K7: chiefeater.com | L7: Thai | N7: Chiefeater / Bangsar Babe (Jul 2026) | O7: From chiefeater.com index and Best-Of pages, trawled 29 July 2026. Area as stated by the site; food type inferred; address, phone and hours not verified.
A8: 7 | B8: Modern & Western | C8: Baci Italian Cafe | D8: Selangor | E8: Citta Mall | F8: - | G8: - | H8: - | I8: - | J8: - | K8: bangsarbabe.com | L8: - | N8: Chiefeater / Bangsar Babe (Jul 2026) | O8: From bangsarbabe.com (Bangsar Babe), trawled 29 July 2026. Food type inferred; address, phone and hours not verified unless shown. Some entries date from earlier years - confirm the outlet is still open.
A9: 8 | B9: Modern & Western | C9: Bar Kar | D9: Kuala Lumpur | E9: - | F9: - | G9: - | H9: - | I9: MICHELIN Selected 2026 | J9: - | K9: - | L9: - | N9: MICHELIN / web guides (Jul 2026) | O9: MICHELIN Guide Kuala Lumpur & Penang 2026 selection. Category inferred from the establishment name; address, phone and hours not yet verified.
A10: 9 | B10: Modern & Western | C10: Beato Steakhouse | D10: Kuala Lumpur | E10: Bangsar Baru | F10: No. 24-1, Jalan Telawi 3, Bangsar Baru, 59100 Kuala Lumpur | G10: +60 3-2202 2405 | H10: - | I10: - | J10: - | K10: bangsarbabe.com | L10: Dry-aged beef; chalkboard of cuts | N10: Chiefeater / Bangsar Babe (Jul 2026) | O10: From bangsarbabe.com (Bangsar Babe), trawled 29 July 2026. Food type inferred; address, phone and hours not verified unless shown. Some entries date from earlier years - confirm the outlet is still open.
A11: 10 | B11: Modern & Western | C11: Beeen | D11: Kuala Lumpur | E11: - | F11: - | G11: - | H11: - | I11: - | J11: - | K11: chiefeater.com | L11: Spanish | N11: Chiefeater / Bangsar Babe (Jul 2026) | O11: From chiefeater.com index and Best-Of pages, trawled 29 July 2026. Area as stated by the site; food type inferred; address, phone and hours not verified.
A12: 11 | B12: Modern & Western | C12: Beta | D12: Kuala Lumpur | E12: - | F12: - | G12: - | H12: - | I12: One MICHELIN star 2026 | J12: - | K12: - | L12: Modern Malaysian | N12: MICHELIN / web guides (Jul 2026) | O12: MICHELIN Guide Kuala Lumpur & Penang 2026 selection. Category inferred from the establishment name; address, phone and hours not yet verified.
A13: 12 | B13: Modern & Western | C13: Bidou | D13: Kuala Lumpur | E13: - | F13: - | G13: - | H13: - | I13: MICHELIN Selected 2026; Opening of the Year (NEW) | J13: - | K13: - | L13: Chef Darren Teoh's French nouvelle cuisine second venture | N13: MICHELIN / web guides (Jul 2026) | O13: MICHELIN Guide Kuala Lumpur & Penang 2026 selection. Category inferred from the establishment name; address, phone and hours not yet verified.
... A79: 78 | B79: Modern & Western | C79: Zens Korean BBQ | D79: Kuala Lumpur | E79: One Bangsar, Jalan Ara | F79: - | G79: - | H79: - | I79: - | J79: - | K79: bangsarbabe.com | L79: Korean BBQ | N79: Chiefeater / Bangsar Babe (Jul 2026) | O79: From bangsarbabe.com (Bangsar Babe), trawled 29 July 2026. Food type inferred; address, phone and hours not verified unless shown. Some entries date from earlier years - confirm the outlet is still open.
A80: 79 | B80: Steakhouse / Wine Bar | C80: Aura Empire Steak House & The Wine Bar | D80: Petaling Jaya | E80: Seksyen 16, Petaling Jaya | F80: 1, Jln Dato Abu Bakar 16/1, Seksyen 16, 46350 Petaling Jaya, Selangor | G80: +60 18-949 4018 | H80: Wed-Sun 14:00-23:00; Mon-Tue closed | I80: Muslim-friendly | J80: Mid-upper | K80: @auraempire_pj | L80: Pureblood sizzling wagyu; tomahawk; lamb; scallop and foie gras; Spanish bone marrow; lobster pasta | M80: 4.9 | N80: Curated (verified) | O80: Wood-burning oven is the house signature. Hot stone served alongside the steak. Bookings via WhatsApp. Owner Dickson is usually on the floor.

Sheet MY · Noodles Egg & Pan Mee
A1: # | B1: Food Type Category | C1: Name | D1: City / State | E1: Area / Location | F1: Address | G1: Phone | H1: Typical Hours | I1: Accolades | J1: Price Guide (per pax) | K1: Instagram / Web | L1: What To Order / Signature | M1: Google Rating | N1: Source | O1: Notes
A2: 1 | B2: Drunken Noodles, Rice Wine Noodles | C2: Next Station Noodle House | D2: (state not stated) | E2: - | F2: 58, Jalan 19/3, Section 19, PJ | G2: - | H2: - | I2: - | J2: - | K2: - | L2: - | N2: Malaysia Chiak (Mar 2024) | O2: From the Malaysia Chiak list (Mar 2024) - address, hours and contact not independently verified.
A3: 2 | B3: Drunken Noodles, Rice Wine Noodles | C3: No name shop, 21, Lintang Gangsa, Klang. Open: 8am to 3pm. Closed on Tuesdays. | D3: (state not stated) | E3: - | F3: - | G3: - | H3: - | I3: - | J3: - | K3: - | L3: - | N3: Malaysia Chiak (Mar 2024) | O3: From the Malaysia Chiak list (Mar 2024) - address, hours and contact not independently verified.
A4: 3 | B4: Drunken Noodles, Rice Wine Noodles | C4: Old Fuzhou Restaurant, 81, Jalan SS20/11, Damansara Kim, PJ. Open:11am to 3pm, 6pm to 9pm. | D4: (state not stated) | E4: - | F4: - | G4: - | H4: - | I4: - | J4: - | K4: - | L4: - | N4: Malaysia Chiak (Mar 2024) | O4: From the Malaysia Chiak list (Mar 2024) - address, hours and contact not independently verified.
A5: 4 | B5: Drunken Noodles, Rice Wine Noodles | C5: Oriental Cravings. G359, Ground Floor Oval, 1 Utama Shopping Centre New Wing, PJ. | D5: (state not stated) | E5: G359, Ground Floor Oval, 1 Utama Shopping Centre New Wing, PJ. | F5: - | G5: - | H5: - | I5: - | J5: - | K5: - | L5: - | N5: Malaysia Chiak (Mar 2024) | O5: From the Malaysia Chiak list (Mar 2024) - address, hours and contact not independently verified.
A6: 5 | B6: Drunken Noodles, Rice Wine Noodles | C6: Restoran FunFun Kitchen | D6: (state not stated) | E6: - | F6: No. 58, Jalan SL 1/3, Bandar Sungai Long, Ulu Langat, Kajang | G6: - | H6: - | I6: - | J6: - | K6: - | L6: - | N6: Malaysia Chiak (Mar 2024) | O6: From the Malaysia Chiak list (Mar 2024) - address, hours and contact not independently verified.
A7: 6 | B7: Drunken Noodles, Rice Wine Noodles | C7: Restoran Kah Ping, Lot 5, Lot 205, Jalan Gelugor, Off Jalan Meru, Klang. Open: 8am to 2pm. Closed on Thursdays. | D7: (state not stated) | E7: - | F7: - | G7: - | H7: - | I7: - | J7: - | K7: - | L7: - | N7: Malaysia Chiak (Mar 2024) | O7: From the Malaysia Chiak list (Mar 2024) - address, hours and contact not independently verified.
A8: 7 | B8: Drunken Noodles, Rice Wine Noodles | C8: SRK Noodle House, 84, Jalan SS15/4B, Subang Jaya, PJ. Open:10am to 3pm, 5pm to 9pm. Closed every second Tuesday. | D8: (state not stated) | E8: - | F8: - | G8: - | H8: - | I8: - | J8: - | K8: - | L8: - | N8: Malaysia Chiak (Mar 2024) | O8: From the Malaysia Chiak list (Mar 2024) - address, hours and contact not independently verified.
A9: 8 | B9: Drunken Noodles, Rice Wine Noodles | C9: San Her Coffee Shop | D9: (state not stated) | E9: - | F9: - | G9: - | H9: - | I9: - | J9: - | K9: - | L9: - | N9: Malaysia Chiak (Mar 2024) | O9: From the Malaysia Chiak list (Mar 2024) - address, hours and contact not independently verified.
A10: 9 | B10: Drunken Noodles, Rice Wine Noodles | C10: Sisters Drunken Chicken Noodles, Beh Brothers Restaurant | D10: (state not stated) | E10: - | F10: 21, Jalan Alor, KL | G10: - | H10: - | I10: - | J10: - | K10: - | L10: - | N10: Malaysia Chiak (Mar 2024) | O10: From the Malaysia Chiak list (Mar 2024) - address, hours and contact not independently verified.
A11: 10 | B11: Drunken Noodles, Rice Wine Noodles | C11: Sun House Kopitiam Wine Fortified Rice Noodles | D11: (state not stated) | E11: - | F11: - | G11: - | H11: - | I11: - | J11: - | K11: - | L11: - | N11: Malaysia Chiak (Mar 2024) | O11: From the Malaysia Chiak list (Mar 2024) - address, hours and contact not independently verified.
A12: 11 | B12: Drunken Noodles, Rice Wine Noodles | C12: Taste of Foochow, 14, Jalan Gajah, Off Jalan Yew, Pudu, KL. Open daily: 8am to 4pm | D12: (state not stated) | E12: - | F12: - | G12: - | H12: - | I12: - | J12: - | K12: - | L12: - | N12: Malaysia Chiak (Mar 2024) | O12: From the Malaysia Chiak list (Mar 2024) - address, hours and contact not independently verified.
A13: 12 | B13: Drunken Noodles, Rice Wine Noodles | C13: Ying Ker Lou | D13: (state not stated) | E13: Level 2, The Gardens, Mid Valley City, KL | F13: - | G13: - | H13: - | I13: - | J13: - | K13: - | L13: - | N13: Malaysia Chiak (Mar 2024) | O13: From the Malaysia Chiak list (Mar 2024) - address, hours and contact not independently verified.
... A47: 46 | B47: Hakka Noodles | C47: Village Sang Nyuk noodle | D47: (state not stated) | E47: - | F47: - | G47: - | H47: - | I47: - | J47: - | K47: - | L47: - | N47: Malaysia Chiak (Mar 2024) | O47: From the Malaysia Chiak list (Mar 2024) - address, hours and contact not independently verified.
A48: 47 | B48: Noodles - Chilli Pan Mee | C48: Restoran Kin Kin | D48: Kuala Lumpur | E48: Chow Kit | F48: 40, Jln Dewan Sultan Sulaiman 1, Chow Kit, 50300 Kuala Lumpur | G48: +60 10-220 4322 | H48: Daily 07:00-19:00 | I48: Widely credited as the originator of KL chilli pan mee | J48: RM 1-20 | K48: - | L48: Dry chilli pan mee with the table jar of fried chilli; dumplings in soup; beancurd skin soup | M48: 3.9 | N48: Curated (verified) | O48: Go easy on the chilli - it builds. No air conditioning, fans only. Humble room; the food is the point.
A49: 48 | B49: Noodles - Chilli Pan Mee | C49: Restoran Madam Chiam Curry Noodle House | D49: Kuala Lumpur | E49: Taman Connaught / Cheras | F49: 22, Jalan Cerdik, Taman Connaught, 56000 Kuala Lumpur | G49: +60 16-210 7553 | H49: Tue-Sun 07:30-16:00; Mon closed | I49: - | J49: RM 1-20 | K49: - | L49: Dry chilli pan mee with half-boiled egg and a squeeze of lime; curry pork ribs; dumplings; foo chuk | M49: 3.8 | N49: Curated (verified) | O49: Lime is provided, which is unusual for pan mee. No air conditioning. Breakfast and brunch trade.
A50: 49 | B50: Noodles - Pan Mee | C50: A Teh Pan Mee | D50: Kuala Lumpur | E50: Taman Bukit Anggerik / Cheras | F50: 27-28, Jalan 34/154, Taman Bukit Anggerik, Cheras, 56000 Kuala Lumpur | G50: +60 17-871 7445 | H50: Fri-Wed 07:30-14:00; Thu closed | I50: - | J50: RM 1-20 | K50: - | L50: Soup pan mee (very chewy noodles); dry pan mee; shui gau dumplings approx. RM1.50 each | M50: 4.5 | N50: Curated (verified) | O50: Ikan bilis served on the side so it stays crisp. Each bowl cooked to order. Shop looks rough but the noodles are the draw. Touch 'n Go accepted; paid street parking.
A51: 50 | B51: Noodles - Pan Mee | C51: Restoran Lim Kee Pan Mee | D51: Kuala Lumpur | E51: Taman Taynton View / Cheras | F51: 53, Jalan Dato Haji Harun, Taman Taynton View, 56000 Kuala Lumpur | G51: +60 3-9133 8036 | H51: Mon-Tue, Fri-Sun 08:00-16:00; Wed-Thu closed | I51: - | J51: RM 1-20 | K51: - | L51: Pinch-noodle pan mee soup; dry pan mee; sui gau dumplings | M51: 3.8 | N51: Curated (verified) | O51: Order and pay at the counter. Roadside parking only and limited. Closed midweek.
A52: 51 | B52: Pan Mee, Ban Mian | C52: 28-29 Pan Mee stall | D52: (state not stated) | E52: - | F52: - | G52: - | H52: - | I52: - | J52: - | K52: - | L52: - | N52: Malaysia Chiak (Mar 2024) | O52: From the Malaysia Chiak list (Mar 2024) - address, hours and contact not independently verified.
A53: 52 | B53: Pan Mee, Ban Mian | C53: Ah Chan Kopitiam(板麺专卖店) | D53: Kuala Lumpur | E53: - | F53: Kuala Lumpur MY, 10, Jalan Midah Besar, Taman Midah, 56000 WILAYAH PERSEKUTUAN, Malaysia | G53: 60 11-6451 5779 | H53: - | I53: - | J53: - | K53: - | L53: - | N53: Malaysia Chiak (Mar 2024) | O53: From the Malaysia Chiak list (Mar 2024) - address, hours and contact not independently verified.
A54: 53 | B54: Pan Mee, Ban Mian | C54: Aunty's Pan Mee Taman Naga Mas | D54: (state not stated) | E54: - | F54: - | G54: - | H54: - | I54: - | J54: - | K54: - | L54: - | N54: Malaysia Chiak (Mar 2024) | O54: From the Malaysia Chiak list (Mar 2024) - address, hours and contact not independently verified.
A55: 54 | B55: Pan Mee, Ban Mian | C55: Chai Cha Teh | D55: Kuala Lumpur | E55: - | F55: Jalan Wan Kadir, Taman Tun Dr Ismail, 60000 Kuala Lumpur, Wilayah Persekutuan Kuala Lumpur, Malaysia | G55: - | H55: - | I55: - | J55: - | K55: - | L55: - | N55: Malaysia Chiak (Mar 2024) | O55: From the Malaysia Chiak list (Mar 2024) - address, hours and contact not independently verified.
A56: 55 | B56: Pan Mee, Ban Mian | C56: Chai Cha The, TTDI Market | D56: (state not stated) | E56: - | F56: - | G56: - | H56: - | I56: - | J56: - | K56: - | L56: - | N56: Malaysia Chiak (Mar 2024) | O56: From the Malaysia Chiak list (Mar 2024) - address, hours and contact not independently verified.
A57: 56 | B57: Pan Mee, Ban Mian | C57: Chun Kee Special Hand Pull Pan Mee (if you are coming from Federal Highway, turn in where P1 - Green Packett office is. Go straight till round about, and take 3 0'clock turn. He Pin is located at the far end of the road). Restoran He Pin Off Jalan Penchala Tel : 016-968 1696 (Lady Boss-Ah Ying) | D57: (state not stated) | E57: - | F57: - | G57: - | H57: - | I57: - | J57: - | K57: - | L57: - | N57: Malaysia Chiak (Mar 2024) | O57: From the Malaysia Chiak list (Mar 2024) - address, hours and contact not independently verified.
A58: 57 | B58: Pan Mee, Ban Mian | C58: Ha Ha Siu Pan Mee | D58: (state not stated) | E58: - | F58: - | G58: - | H58: - | I58: - | J58: - | K58: - | L58: - | N58: Malaysia Chiak (Mar 2024) | O58: From the Malaysia Chiak list (Mar 2024) - address, hours and contact not independently verified.
A59: 58 | B59: Pan Mee, Ban Mian | C59: Hometown Ban Mee | D59: Kuala Lumpur | E59: - | F59: 2028, Jalan Sentul Pasar Dalam, Taman Kosmo Jaya, 51000 Kuala Lumpur | G59: - | H59: - | I59: - | J59: - | K59: - | L59: - | N59: Malaysia Chiak (Mar 2024) | O59: From the Malaysia Chiak list (Mar 2024) - address, hours and contact not independently verified.
A60: 59 | B60: Pan Mee, Ban Mian | C60: Homie Recipe | D60: (state not stated) | E60: - | F60: - | G60: - | H60: - | I60: - | J60: - | K60: - | L60: - | N60: Malaysia Chiak (Mar 2024) | O60: From the Malaysia Chiak list (Mar 2024) - address, hours and contact not independently verified.
A61: 60 | B61: Pan Mee, Ban Mian | C61: Jeng Pan Mee | D61: (state not stated) | E61: - | F61: - | G61: - | H61: - | I61: - | J61: - | K61: - | L61: - | N61: Omakase Diaries (Google Drive) | O61: From the 'Omakase Diaries' folder in Google Drive (one subfolder per meal). Country and food type were inferred from the folder name; details not verified unless shown.
A62: 61 | B62: Pan Mee, Ban Mian | C62: Jeng Pan MeeSS15 | D62: (state not stated) | E62: - | F62: 39, Jalan SS15/4b, SS15, 47500 Subang Jaya | G62: - | H62: - | I62: - | J62: - | K62: - | L62: - | N62: Malaysia Chiak (Mar 2024) | O62: From the Malaysia Chiak list (Mar 2024) - address, hours and contact not independently verified.
A63: 62 | B63: Pan Mee, Ban Mian | C63: JoJo Little Kitchen SS2 | D63: (state not stated) | E63: - | F63: - | G63: - | H63: - | I63: - | J63: - | K63: - | L63: - | N63: Malaysia Chiak (Mar 2024) | O63: From the Malaysia Chiak list (Mar 2024) - address, hours and contact not independently verified.
... A163: 162 | B163: Wantan Mee | C163: Yulek Wan Tan Mee | D163: Kuala Lumpur | E163: - | F163: 19, Lorong Durian, Taman Cheras, 56100 Kuala Lumpur, Wilayah Persekutuan Kuala Lumpur, Malaysia | G163: - | H163: - | I163: - | J163: - | K163: - | L163: - | N163: Malaysia Chiak (Mar 2024) | O163: From the Malaysia Chiak list (Mar 2024) - address, hours and contact not independently verified.

Sheet MY · Noodles Fried & Wok
A1: # | B1: Food Type Category | C1: Name | D1: City / State | E1: Area / Location | F1: Address | G1: Phone | H1: Typical Hours | I1: Accolades | J1: Price Guide (per pax) | K1: Instagram / Web | L1: What To Order / Signature | M1: Google Rating | N1: Source | O1: Notes
A2: 1 | B2: Char Kuey Teow | C2: Ah Seong CKT, Kean Fatt | D2: (state not stated) | E2: - | F2: - | G2: - | H2: - | I2: - | J2: - | K2: - | L2: - | N2: Omakase Diaries (Google Drive) | O2: From the 'Omakase Diaries' folder in Google Drive (one subfolder per meal). Country and food type were inferred from the folder name; details not verified unless shown.
A3: 2 | B3: Char Kuey Teow | C3: Awesome Char Koay Teow | D3: Penang | E3: - | F3: - | G3: - | H3: - | I3: MICHELIN Bib Gourmand 2026 (Penang) | J3: - | K3: - | L3: - | N3: MICHELIN / web guides (Jul 2026) | O3: MICHELIN Guide Kuala Lumpur & Penang 2026 selection. Category inferred from the establishment name; address, phone and hours not yet verified.
A4: 3 | B4: Char Kuey Teow | C4: Brickfields CharKuey Teow | D4: (state not stated) | E4: - | F4: - | G4: - | H4: - | I4: - | J4: - | K4: - | L4: - | N4: Malaysia Chiak (Mar 2024) | O4: From the Malaysia Chiak list (Mar 2024) - address, hours and contact not independently verified.
A5: 4 | B5: Char Kuey Teow | C5: Char Kuey Teow (Mukim Ampang) | D5: (state not stated) | E5: - | F5: - | G5: - | H5: - | I5: - | J5: - | K5: - | L5: - | N5: Malaysia Chiak (Mar 2024) | O5: From the Malaysia Chiak list (Mar 2024) - address, hours and contact not independently verified.
A6: 5 | B6: Char Kuey Teow | C6: Char Kuey Teow Aunty Gemok | D6: Selangor | E6: - | F6: 22, Jalan SS 5a/12, Ss 3, 47301 Petaling Jaya, Selangor | G6: - | H6: - | I6: - | J6: - | K6: - | L6: - | N6: Malaysia Chiak (Mar 2024) | O6: From the Malaysia Chiak list (Mar 2024) - address, hours and contact not independently verified.
A7: 6 | B7: Char Kuey Teow | C7: Char Kuey Teow Big Bro | D7: Selangor | E7: - | F7: Taman Kosas, 68000 Ampang Jaya, Selangor, Malaysia | G7: - | H7: - | I7: - | J7: - | K7: - | L7: - | N7: Malaysia Chiak (Mar 2024) | O7: From the Malaysia Chiak list (Mar 2024) - address, hours and contact not independently verified.
A8: 7 | B8: Char Kuey Teow | C8: Charcoal Fried Hokkien Mee | D8: Kuala Lumpur | E8: - | F8: 21, Tengkat Tong Shin, Bukit Bintang, 50200 Kuala Lumpur | G8: - | H8: 6pm-11pm (Tues OFF) | I8: - | J8: - | K8: - | L8: - | N8: Malaysia Chiak (Mar 2024) | O8: From the Malaysia Chiak list (Mar 2024) - address, hours and contact not independently verified.
A9: 8 | B9: Char Kuey Teow | C9: Chuan Lee Restaurant | D9: (state not stated) | E9: - | F9: - | G9: - | H9: - | I9: - | J9: - | K9: - | L9: - | N9: Malaysia Chiak (Mar 2024) | O9: From the Malaysia Chiak list (Mar 2024) - address, hours and contact not independently verified.
A10: 9 | B10: Char Kuey Teow | C10: Chuan Lee Restaurant Char Kuey Teow | D10: (state not stated) | E10: - | F10: - | G10: - | H10: - | I10: - | J10: - | K10: - | L10: - | N10: Malaysia Chiak (Mar 2024) | O10: From the Malaysia Chiak list (Mar 2024) - address, hours and contact not independently verified.
A11: 10 | B11: Char Kuey Teow | C11: Dancing King CKT | D11: Selangor | E11: - | F11: 40, Jalan 20/16a, Taman Paramount, 46300 Petaling Jaya, Selangor, Malaysia | G11: - | H11: - | I11: - | J11: - | K11: - | L11: - | N11: Malaysia Chiak (Mar 2024) | O11: From the Malaysia Chiak list (Mar 2024) - address, hours and contact not independently verified.
A12: 11 | B12: Char Kuey Teow | C12: Food Clans | D12: Kuala Lumpur | E12: - | F12: LG-01 GTower 199, Jalan Tun Razak 50400 kuala lumpur 50400 Kuala Lumpur, Malaysia | G12: - | H12: - | I12: - | J12: - | K12: - | L12: - | N12: Malaysia Chiak (Mar 2024) | O12: From the Malaysia Chiak list (Mar 2024) - address, hours and contact not independently verified.
A13: 12 | B13: Char Kuey Teow | C13: Frankie Char Kuay Teow | D13: Selangor | E13: - | F13: Jalan PJU 8/5c, Damansara Perdana, 47820 Petaling Jaya, Selangor | G13: - | H13: - | I13: - | J13: - | K13: - | L13: - | N13: Malaysia Chiak (Mar 2024) | O13: From the Malaysia Chiak list (Mar 2024) - address, hours and contact not independently verified.
... A103: 102 | B103: Hokkien Mee | C103: Tong Shin Hokkien Mee @ Tengkat Tong Shin, Bukit Bintang (同善福建面) | D103: Kuala Lumpur | E103: - | F103: 1951, Tengkat Tong Shin, Bukit Bintang, 50200 Kuala Lumpur. | G103: - | H103: - | I103: - | J103: - | K103: - | L103: - | N103: Malaysia Chiak (Mar 2024) | O103: From the Malaysia Chiak list (Mar 2024) - address, hours and contact not independently verified.

Sheet MY · Noodles Soup & Laksa
A1: # | B1: Food Type Category | C1: Name | D1: City / State | E1: Area / Location | F1: Address | G1: Phone | H1: Typical Hours | I1: Accolades | J1: Price Guide (per pax) | K1: Instagram / Web | L1: What To Order / Signature | M1: Google Rating | N1: Source | O1: Notes
A2: 1 | B2: Beef Noodles (Niu Zhap Mien) | C2: Beef Noodle Pudu | D2: Kuala Lumpur | E2: - | F2: 14, Jalan Merlin's, Pudu, 55200 Kuala Lumpur | G2: - | H2: - | I2: - | J2: - | K2: - | L2: - | N2: Malaysia Chiak (Mar 2024) | O2: From the Malaysia Chiak list (Mar 2024) - address, hours and contact not independently verified.
A3: 2 | B3: Beef Noodles (Niu Zhap Mien) | C3: Kedai Makanan Soo Kee Mee | D3: (state not stated) | E3: - | F3: - | G3: - | H3: - | I3: - | J3: - | K3: - | L3: - | N3: Malaysia Chiak (Mar 2024) | O3: From the Malaysia Chiak list (Mar 2024) - address, hours and contact not independently verified.
A4: 3 | B4: Beef Noodles (Niu Zhap Mien) | C4: Kiew Yee Beef Noodles | D4: Kuala Lumpur | E4: - | F4: 21-27, 21-27, Jalan Hang Lekir, Kuala Lumpur City Centre, 50000 Kuala Lumpur, Federal Territory of Kuala Lumpur, Malaysia | G4: - | H4: - | I4: - | J4: - | K4: - | L4: - | N4: Malaysia Chiak (Mar 2024) | O4: From the Malaysia Chiak list (Mar 2024) - address, hours and contact not independently verified.
A5: 4 | B5: Beef Noodles (Niu Zhap Mien) | C5: Kim Yong Beef Noodle 金镛记牛腩@Petaling Street | D5: (state not stated) | E5: - | F5: - | G5: - | H5: - | I5: - | J5: - | K5: - | L5: - | N5: Malaysia Chiak (Mar 2024) | O5: From the Malaysia Chiak list (Mar 2024) - address, hours and contact not independently verified.
A6: 5 | B6: Beef Noodles (Niu Zhap Mien) | C6: Kim Yong Gee Beef Noodles | D6: Selangor | E6: - | F6: 16 MY Selangor Petaling Jaya Damansara Perdana, 1, Jalan PJU 8/5e, Bandar 47820 | G6: - | H6: 9 am – 8 pm (Open daily) | I6: - | J6: - | K6: - | L6: 03-7491 7474 | N6: Malaysia Chiak (Mar 2024) | O6: From the Malaysia Chiak list (Mar 2024) - address, hours and contact not independently verified.
A7: 6 | B7: Beef Noodles (Niu Zhap Mien) | C7: Kit Kee Beef Noodle Stall | D7: Kuala Lumpur | E7: - | F7: 69, Jalan 30, Kampung Baru Salak Selatan, 58000 Kuala Lumpur | G7: 016-3327877 | H7: - | I7: - | J7: - | K7: - | L7: - | N7: Malaysia Chiak (Mar 2024) | O7: From the Malaysia Chiak list (Mar 2024) - address, hours and contact not independently verified.
A8: 7 | B8: Beef Noodles (Niu Zhap Mien) | C8: Kit Kee Beef Noodles | D8: Kuala Lumpur | E8: - | F8: 69, Jalan 30, Kampung Baru Salak Selatan, 56000 Kuala Lumpur | G8: 016-3327877 | H8: - | I8: - | J8: - | K8: - | L8: - | N8: Malaysia Chiak (Mar 2024) | O8: From the Malaysia Chiak list (Mar 2024) - address, hours and contact not independently verified.
A9: 8 | B9: Beef Noodles (Niu Zhap Mien) | C9: Kuan Soo Beef Noodle | D9: (state not stated) | E9: - | F9: ICC, Jalan Kijang, Pudu, 55100 | G9: 017-6321066 | H9: - | I9: - | J9: - | K9: - | L9: - | N9: Malaysia Chiak (Mar 2024) | O9: From the Malaysia Chiak list (Mar 2024) - address, hours and contact not independently verified.
A10: 9 | B10: Beef Noodles (Niu Zhap Mien) | C10: Kwong Shing Beef Noodles House | D10: (state not stated) | E10: - | F10: - | G10: - | H10: - | I10: - | J10: - | K10: - | L10: - | N10: Malaysia Chiak (Mar 2024) | O10: From the Malaysia Chiak list (Mar 2024) - address, hours and contact not independently verified.
A11: 10 | B11: Beef Noodles (Niu Zhap Mien) | C11: Kwong Shing Noodles Shop | D11: Kuala Lumpur | E11: - | F11: - | G11: - | H11: - | I11: - | J11: - | K11: chiefeater.com | L11: - | N11: Chiefeater / Bangsar Babe (Jul 2026) | O11: From chiefeater.com index and Best-Of pages, trawled 29 July 2026. Area as stated by the site; food type inferred; address, phone and hours not verified.
A12: 11 | B12: Beef Noodles (Niu Zhap Mien) | C12: Lai Foong Beef Noodle Shop | D12: Kuala Lumpur | E12: - | F12: 8, Jalan Nadchatiram, Taman Tun Perak, 56000 Kuala Lumpur, Wilayah Persekutuan Kuala Lumpur. | G12: - | H12: - | I12: - | J12: - | K12: - | L12: - | N12: Malaysia Chiak (Mar 2024) | O12: From the Malaysia Chiak list (Mar 2024) - address, hours and contact not independently verified.
A13: 12 | B13: Beef Noodles (Niu Zhap Mien) | C13: Man Kee HK Beef restaurant 民記港式牛腩麵 | D13: (state not stated) | E13: - | F13: - | G13: - | H13: - | I13: - | J13: - | K13: - | L13: - | N13: Malaysia Chiak (Mar 2024) | O13: From the Malaysia Chiak list (Mar 2024) - address, hours and contact not independently verified.
... A120: 119 | B120: Koay Teow Th'ng | C120: Super Star Koay Teow Soup (78 Lebuh Kimberley) | D120: Penang | E120: Lebuh Kimberley | F120: - | G120: - | H120: - | I120: MICHELIN Bib Gourmand 2026 (Penang) | J120: - | K120: - | L120: - | N120: MICHELIN / web guides (Jul 2026) | O120: MICHELIN Guide Kuala Lumpur & Penang 2026 selection. Category inferred from the establishment name; address, phone and hours not yet verified.
A121: 120 | B121: Noodles - Sarawak | C121: Slurrp | D121: Petaling Jaya | E121: SS2, Petaling Jaya | F121: 22, Jalan SS 2/24, SS 2, 47300 Petaling Jaya, Selangor | G121: +60 3-7499 2801 | H121: Mon 09:00-21:00; Tue-Sun 08:00-21:00 | I121: - | J121: Budget | K121: - | L121: Sarawak laksa (herbal, black pepper forward); kolo mee; White Lady dessert with popping balls; crispy tomato noodles | M121: 4 | N121: Curated (verified) | O121: All the Sarawak staples in one place. 'Kosong' (plain) option available. Street parking is tight at lunch.
A122: 121 | B122: Noodles - Seafood & Lala | C122: Lai Fong Lala Noodles | D122: Kuala Lumpur | E122: - | F122: - | G122: - | H122: - | I122: MICHELIN Bib Gourmand 2026 (KL) | J122: - | K122: - | L122: - | N122: MICHELIN / web guides (Jul 2026) | O122: MICHELIN Guide Kuala Lumpur & Penang 2026 selection. Category inferred from the establishment name; address, phone and hours not yet verified.
A123: 122 | B123: Prawn Noodles (Har Meen, Mee Yoke) | C123: Aik Prawn Mee & Asam Laksa | D123: Selangor | E123: - | F123: Address: 1, Jalan 21/11b, Sea Park, 46300 Petaling Jaya, Selangor, Malaysia | G123: 60 19-233 2963 | H123: - | I123: - | J123: - | K123: - | L123: - | N123: Malaysia Chiak (Mar 2024) | O123: From the Malaysia Chiak list (Mar 2024) - address, hours and contact not independently verified.
A124: 123 | B124: Prawn Noodles (Har Meen, Mee Yoke) | C124: Aunty Nee Nee | D124: (state not stated) | E124: - | F124: Ground Floor, 32, Jalan Dang Wangi, City Centre, 55100 | G124: - | H124: - | I124: - | J124: - | K124: - | L124: - | N124: Malaysia Chiak (Mar 2024) | O124: From the Malaysia Chiak list (Mar 2024) - address, hours and contact not independently verified.
A125: 124 | B125: Prawn Noodles (Har Meen, Mee Yoke) | C125: Big Family | D125: Selangor | E125: - | F125: 2, Jalan SS 15/4b, Ss 15, 47500 Subang Jaya, Selangor. | G125: - | H125: 7:00 am – 1:00 am daily | I125: - | J125: - | K125: - | L125: - | N125: Malaysia Chiak (Mar 2024) | O125: From the Malaysia Chiak list (Mar 2024) - address, hours and contact not independently verified.
A126: 125 | B126: Prawn Noodles (Har Meen, Mee Yoke) | C126: Bridge Street Prawn Noodle | D126: Penang | E126: - | F126: - | G126: - | H126: - | I126: MICHELIN Bib Gourmand 2026 (Penang) | J126: - | K126: - | L126: - | N126: MICHELIN / web guides (Jul 2026) | O126: MICHELIN Guide Kuala Lumpur & Penang 2026 selection. Category inferred from the establishment name; address, phone and hours not yet verified.
A127: 126 | B127: Prawn Noodles (Har Meen, Mee Yoke) | C127: Chew Jetty Café | D127: Selangor | E127: - | F127: 3-36a, Jalan Desa 2/4, Desa Aman Puri, 52100 Kuala Lumpur, Selangor, Malaysia | G127: 60 3-6263 2391 | H127: - | I127: - | J127: - | K127: - | L127: - | N127: Malaysia Chiak (Mar 2024) | O127: From the Malaysia Chiak list (Mar 2024) - address, hours and contact not independently verified.
A128: 127 | B128: Prawn Noodles (Har Meen, Mee Yoke) | C128: Chong Thoong Kee | D128: Kuala Lumpur | E128: - | F128: 18, Jalan Wan Kadir 1, Taman Tun Dr Ismail, 60000 Kuala Lumpur, Wilayah Persekutuan Kuala Lumpur. | G128: - | H128: 8:00 am – 4:00 pm (Tuesday to Sunday), closed on Mondays | I128: - | J128: - | K128: - | L128: - | N128: Malaysia Chiak (Mar 2024) | O128: From the Malaysia Chiak list (Mar 2024) - address, hours and contact not independently verified.
A129: 128 | B129: Prawn Noodles (Har Meen, Mee Yoke) | C129: Choon Prawn Mee House | D129: (state not stated) | E129: - | F129: - | G129: - | H129: - | I129: - | J129: - | K129: - | L129: - | N129: Malaysia Chiak (Mar 2024) | O129: From the Malaysia Chiak list (Mar 2024) - address, hours and contact not independently verified.
A130: 129 | B130: Prawn Noodles (Har Meen, Mee Yoke) | C130: Cing Kei Prawn Mee @ Petaling Street, Kuala Lumpur (清記怡保沙河粉) | D130: Kuala Lumpur | E130: - | F130: 93, Jalan Sultan, City Centre, 50000 Kuala Lumpur. | G130: - | H130: - | I130: - | J130: - | K130: - | L130: - | N130: Malaysia Chiak (Mar 2024) | O130: From the Malaysia Chiak list (Mar 2024) - address, hours and contact not independently verified.
A131: 130 | B131: Prawn Noodles (Har Meen, Mee Yoke) | C131: Green House Prawn Mee & Loh Mee (223 Jalan Burma) | D131: Penang | E131: Jalan Burma | F131: - | G131: - | H131: - | I131: MICHELIN Bib Gourmand 2026 (Penang) | J131: - | K131: - | L131: - | N131: MICHELIN / web guides (Jul 2026) | O131: MICHELIN Guide Kuala Lumpur & Penang 2026 selection. Category inferred from the establishment name; address, phone and hours not yet verified.
A132: 131 | B132: Prawn Noodles (Har Meen, Mee Yoke) | C132: Guang Ji Ho Fun & Chicken Rice | D132: Kuala Lumpur | E132: - | F132: 38, Jalan San Peng, Pudu, 55200 Kuala Lumpur, Wilayah Persekutuan Kuala Lumpur. | G132: - | H132: - | I132: - | J132: - | K132: - | L132: - | N132: Malaysia Chiak (Mar 2024) | O132: From the Malaysia Chiak list (Mar 2024) - address, hours and contact not independently verified.
A133: 132 | B133: Prawn Noodles (Har Meen, Mee Yoke) | C133: Hai Kah Lang (Taman Cheras) | D133: Kuala Lumpur | E133: Taman Cheras | F133: - | G133: - | H133: - | I133: MICHELIN Bib Gourmand 2026 (KL) | J133: - | K133: - | L133: - | N133: MICHELIN / web guides (Jul 2026) | O133: MICHELIN Guide Kuala Lumpur & Penang 2026 selection. Category inferred from the establishment name; address, phone and hours not yet verified.
... A172: 171 | B172: Sarawak Laksa | C172: Signature Noodle Noodle, SS15 | D172: (state not stated) | E172: - | F172: - | G172: - | H172: - | I172: - | J172: - | K172: - | L172: - | N172: Malaysia Chiak (Mar 2024) | O172: From the Malaysia Chiak list (Mar 2024) - address, hours and contact not independently verified.

Sheet MY · Rice, Claypot & Congee
A1: # | B1: Food Type Category | C1: Name | D1: City / State | E1: Area / Location | F1: Address | G1: Phone | H1: Typical Hours | I1: Accolades | J1: Price Guide (per pax) | K1: Instagram / Web | L1: What To Order / Signature | M1: Google Rating | N1: Source | O1: Notes
A2: 1 | B2: Chicken Rice | C2: BM Yam Rice | D2: Penang | E2: Bukit Mertajam | F2: - | G2: - | H2: - | I2: MICHELIN Bib Gourmand 2026 (Penang) | J2: - | K2: - | L2: - | N2: MICHELIN / web guides (Jul 2026) | O2: MICHELIN Guide Kuala Lumpur & Penang 2026 selection. Category inferred from the establishment name; address, phone and hours not yet verified.
A3: 2 | B3: Chicken Rice | C3: Buu’s Hainanese Chicken Rice | D3: Selangor | E3: - | F3: Restaurant Hock Seng Kopitiam, C-G-1, Block C, Jalan PJU 1a/20b, Dataran Ara Damansara, Petaling Jaya, Selangor | G3: 017-253 6539 | H3: - | I3: - | J3: - | K3: - | L3: - | N3: Malaysia Chiak (Mar 2024) | O3: From the Malaysia Chiak list (Mar 2024) - address, hours and contact not independently verified.
A4: 3 | B4: Chicken Rice | C4: Fa Kee Chicken Rice | D4: Selangor | E4: - | F4: 80 Jalan TK1/1, Taman Kinrara, 47180 Puchong, Selangor | G4: - | H4: - | I4: - | J4: - | K4: - | L4: Puchong | N4: Malaysia Chiak (Mar 2024) | O4: From the Malaysia Chiak list (Mar 2024) - address, hours and contact not independently verified.
A5: 4 | B5: Chicken Rice | C5: Garlic Roasted Chicken Rice | D5: Selangor | E5: - | F5: 35, Jalan PJS 11/9, Bandar Sunway, 46150 Petaling Jaya, Selangor, Malaysia | G5: 60 16-296 6621 | H5: - | I5: - | J5: - | K5: - | L5: - | N5: Malaysia Chiak (Mar 2024) | O5: From the Malaysia Chiak list (Mar 2024) - address, hours and contact not independently verified.
A6: 5 | B6: Chicken Rice | C6: Goodview Kopitiam Seksyen 17 | D6: (state not stated) | E6: - | F6: - | G6: - | H6: - | I6: - | J6: - | K6: - | L6: - | N6: Malaysia Chiak (Mar 2024) | O6: From the Malaysia Chiak list (Mar 2024) - address, hours and contact not independently verified.
A7: 6 | B7: Chicken Rice | C7: Hidden Chicken Rice @ Air Panas, Setapak 旺仔记 饭粥 | D7: Kuala Lumpur | E7: - | F7: 79, Jalan Ayer Panas, Taman Ayer Panas, 53200 Kuala Lumpur, Wilayah Persekutuan Kuala Lumpur, Malaysia | G7: 60 16-266 8680 | H7: - | I7: - | J7: - | K7: - | L7: - | N7: Malaysia Chiak (Mar 2024) | O7: From the Malaysia Chiak list (Mar 2024) - address, hours and contact not independently verified.
A8: 7 | B8: Chicken Rice | C8: Hong Kong Taste 1975 | D8: Kuala Lumpur | E8: - | F8: 30, Jalan Brunei Utara, Pudu, Kuala Lumpur, Malaysia 55100 | G8: 601 8269 7300 | H8: - | I8: - | J8: - | K8: - | L8: - | N8: Malaysia Chiak (Mar 2024) | O8: From the Malaysia Chiak list (Mar 2024) - address, hours and contact not independently verified.
A9: 8 | B9: Chicken Rice | C9: Kie Kee Chicken Rice | D9: Kuala Lumpur | E9: Taman Yarl | F9: - | G9: - | H9: - | I9: - | J9: - | K9: chiefeater.com | L9: - | N9: Chiefeater / Bangsar Babe (Jul 2026) | O9: From chiefeater.com index and Best-Of pages, trawled 29 July 2026. Area as stated by the site; food type inferred; address, phone and hours not verified.
A10: 9 | B10: Chicken Rice | C10: Nam Heong Chicken Rice (City Centre) | D10: Kuala Lumpur | E10: City Centre | F10: - | G10: - | H10: - | I10: MICHELIN Bib Gourmand 2026 (KL) | J10: - | K10: - | L10: - | N10: MICHELIN / web guides (Jul 2026) | O10: MICHELIN Guide Kuala Lumpur & Penang 2026 selection. Category inferred from the establishment name; address, phone and hours not yet verified.
A11: 10 | B11: Chicken Rice | C11: Nasi Ayam Hainan Chee Meng (Jalan Klang Lama) | D11: Kuala Lumpur | E11: Jalan Klang Lama | F11: - | G11: - | H11: - | I11: MICHELIN Bib Gourmand 2026 (KL) | J11: - | K11: - | L11: - | N11: MICHELIN / web guides (Jul 2026) | O11: MICHELIN Guide Kuala Lumpur & Penang 2026 selection. Category inferred from the establishment name; address, phone and hours not yet verified.
A12: 11 | B12: Chicken Rice | C12: Nasi Ayam Kam Kee | D12: Kuala Lumpur | E12: - | F12: 42, Jalan Sultan, Kuala Lumpur City Centre 50000 | G12: - | H12: - | I12: - | J12: - | K12: - | L12: Chicken Rice | N12: Malaysia Chiak (Mar 2024) | O12: From the Malaysia Chiak list (Mar 2024) - address, hours and contact not independently verified.
A13: 12 | B13: Chicken Rice | C13: Prosperity Bowl Chicken Rice | D13: (state not stated) | E13: - | F13: No. 19, Jalan SS2/30, SS2, 47300 | G13: - | H13: - | I13: - | J13: - | K13: - | L13: - | N13: Malaysia Chiak (Mar 2024) | O13: From the Malaysia Chiak list (Mar 2024) - address, hours and contact not independently verified.
... A96: 95 | B96: Nasi Lemak | C96: Wartek | D96: (state not stated) | E96: - | F96: Ara Permata 3, Jalan PJU 1A/42A, Ara Damansara 47301 Petaling Jaya | G96: - | H96: - | I96: - | J96: - | K96: - | L96: - | N96: Malaysia Chiak (Mar 2024) | O96: From the Malaysia Chiak list (Mar 2024) - address, hours and contact not independently verified.

Sheet MY · Bak Kut Teh
A1: # | B1: Food Type Category | C1: Name | D1: City / State | E1: Area / Location | F1: Address | G1: Phone | H1: Typical Hours | I1: Accolades | J1: Price Guide (per pax) | K1: Instagram / Web | L1: What To Order / Signature | M1: Google Rating | N1: Source | O1: Notes
A2: 1 | B2: Bak Kut Teh (BKT) | C2: Ah Her Bak Kut Teh | D2: (state not stated) | E2: - | F2: - | G2: - | H2: - | I2: - | J2: - | K2: - | L2: Setia Alam | N2: Malaysia Chiak (Mar 2024) | O2: From the Malaysia Chiak list (Mar 2024) - address, hours and contact not independently verified.
A3: 2 | B3: Bak Kut Teh (BKT) | C3: Ah Sang BKT | D3: (state not stated) | E3: - | F3: - | G3: - | H3: - | I3: - | J3: - | K3: - | L3: - | N3: Malaysia Chiak (Mar 2024) | O3: From the Malaysia Chiak list (Mar 2024) - address, hours and contact not independently verified.
A4: 3 | B4: Bak Kut Teh (BKT) | C4: Ban Lee BKT | D4: (state not stated) | E4: - | F4: - | G4: - | H4: - | I4: - | J4: - | K4: - | L4: - | N4: Malaysia Chiak (Mar 2024) | O4: From the Malaysia Chiak list (Mar 2024) - address, hours and contact not independently verified.
A5: 4 | B5: Bak Kut Teh (BKT) | C5: Fatty BKT | D5: Kuala Lumpur | E5: - | F5: No 5, Batu 4 1/2, Jalan Klang Lama, Kuala Lumpur | G5: - | H5: - | I5: - | J5: - | K5: - | L5: - | N5: Malaysia Chiak (Mar 2024) | O5: From the Malaysia Chiak list (Mar 2024) - address, hours and contact not independently verified.
A6: 5 | B6: Bak Kut Teh (BKT) | C6: Fatty Chun | D6: (state not stated) | E6: - | F6: - | G6: - | H6: - | I6: - | J6: - | K6: - | L6: - | N6: Malaysia Chiak (Mar 2024) | O6: From the Malaysia Chiak list (Mar 2024) - address, hours and contact not independently verified.
A7: 6 | B7: Bak Kut Teh (BKT) | C7: Feng Xiang BKT | D7: (state not stated) | E7: - | F7: - | G7: - | H7: - | I7: - | J7: - | K7: - | L7: - | N7: Malaysia Chiak (Mar 2024) | O7: From the Malaysia Chiak list (Mar 2024) - address, hours and contact not independently verified.
A8: 7 | B8: Bak Kut Teh (BKT) | C8: Heng Kee Bak Kut Teh | D8: (state not stated) | E8: - | F8: - | G8: - | H8: - | I8: - | J8: - | K8: - | L8: - | N8: Malaysia Chiak (Mar 2024) | O8: From the Malaysia Chiak list (Mar 2024) - address, hours and contact not independently verified.
A9: 8 | B9: Bak Kut Teh (BKT) | C9: Hing Kee Bakuteh (121 Jalan Kepong) | D9: Kuala Lumpur | E9: Jalan Kepong | F9: - | G9: - | H9: - | I9: MICHELIN Bib Gourmand 2026 (KL) | J9: - | K9: - | L9: - | N9: MICHELIN / web guides (Jul 2026) | O9: MICHELIN Guide Kuala Lumpur & Penang 2026 selection. Category inferred from the establishment name; address, phone and hours not yet verified.
A10: 9 | B10: Bak Kut Teh (BKT) | C10: Hing Kee Bakuteh 兴记肉骨茶 (甲洞大街) Jalan Kepong (Main Branch AEON Metro Prima 总行) | D10: (state not stated) | E10: - | F10: - | G10: - | H10: - | I10: - | J10: - | K10: - | L10: - | N10: Malaysia Chiak (Mar 2024) | O10: From the Malaysia Chiak list (Mar 2024) - address, hours and contact not independently verified.
A11: 10 | B11: Bak Kut Teh (BKT) | C11: How Yee Kee 好易记肉骨茶 | D11: (state not stated) | E11: - | F11: - | G11: - | H11: - | I11: - | J11: - | K11: - | L11: - | N11: Malaysia Chiak (Mar 2024) | O11: From the Malaysia Chiak list (Mar 2024) - address, hours and contact not independently verified.
A12: 11 | B12: Bak Kut Teh (BKT) | C12: KL ANG HOCK BAK KUT TEH （中南区）（鸿福肉骨茶） | D12: (state not stated) | E12: - | F12: - | G12: - | H12: - | I12: - | J12: - | K12: - | L12: - | N12: Malaysia Chiak (Mar 2024) | O12: From the Malaysia Chiak list (Mar 2024) - address, hours and contact not independently verified.
A13: 12 | B13: Bak Kut Teh (BKT) | C13: Ka Ka Bak Kut Teh | D13: (state not stated) | E13: - | F13: - | G13: - | H13: - | I13: - | J13: - | K13: - | L13: - | N13: Malaysia Chiak (Mar 2024) | O13: From the Malaysia Chiak list (Mar 2024) - address, hours and contact not independently verified.
... A39: 38 | B39: Bak Kut Teh (BKT) | C39: 桃源肉骨茶 Toh Guan Bak Kut Teh | D39: (state not stated) | E39: - | F39: - | G39: - | H39: - | I39: - | J39: - | K39: - | L39: - | N39: Malaysia Chiak (Mar 2024) | O39: From the Malaysia Chiak list (Mar 2024) - address, hours and contact not independently verified.

Sheet MY · Seafood & Hotpot
A1: # | B1: Food Type Category | C1: Name | D1: City / State | E1: Area / Location | F1: Address | G1: Phone | H1: Typical Hours | I1: Accolades | J1: Price Guide (per pax) | K1: Instagram / Web | L1: What To Order / Signature | M1: Google Rating | N1: Source | O1: Notes
A2: 1 | B2: Chinese - Seafood | C2: Da San Yuan Crab Specialty Restaurant | D2: Melaka | E2: Kampung Bukit China | F2: - | G2: - | H2: - | I2: - | J2: RM20-RM50 per pax | K2: chiefeater.com | L2: - | N2: Chiefeater / Bangsar Babe (Jul 2026) | O2: From chiefeater.com index and Best-Of pages, trawled 29 July 2026. Area as stated by the site; food type inferred; address, phone and hours not verified.
A3: 2 | B3: Chinese - Seafood | C3: Hua Yuan Seafood | D3: Kuala Lumpur | E3: Taman Segar | F3: - | G3: - | H3: - | I3: - | J3: - | K3: chiefeater.com | L3: - | N3: Chiefeater / Bangsar Babe (Jul 2026) | O3: From chiefeater.com index and Best-Of pages, trawled 29 July 2026. Area as stated by the site; food type inferred; address, phone and hours not verified.
A4: 3 | B4: Chinese - Seafood | C4: Matang Seafood Puchong | D4: Selangor | E4: Puchong | F4: - | G4: - | H4: - | I4: - | J4: - | K4: chiefeater.com | L4: Crabs | N4: Chiefeater / Bangsar Babe (Jul 2026) | O4: From chiefeater.com index and Best-Of pages, trawled 29 July 2026. Area as stated by the site; food type inferred; address, phone and hours not verified.
A5: 4 | B5: Chinese - Seafood | C5: Xian Yu Xian Seafood Restaurant | D5: Kuala Lumpur | E5: Taman Usahawan Kepong | F5: 37, Jalan Metro Perdana Timur 3, Taman Usahawan Kepong, 52100 Kuala Lumpur | G5: +60 12-988 1358 | H5: Daily 12:00-15:00, 17:00-22:00 | I5: - | J5: Approx. RM240 for a table of dishes | K5: - | L5: Claypot river red-tail catfish; pork belly sang mee; claypot water spinach; salted egg pork belly | M5: 4 | N5: Curated (verified) | O5: Bukit Tinggi-style claypot fish brought to Kepong - the kitchen promises to replace any fish that tastes muddy. Book ahead; parking fills by 19:00. Room is noisy.
A6: 5 | B6: Chinese - Seafood | C6: Xigong Seafood Restaurant | D6: Kuala Lumpur | E6: Kepong | F6: - | G6: - | H6: - | I6: - | J6: - | K6: chiefeater.com | L6: - | N6: Chiefeater / Bangsar Babe (Jul 2026) | O6: From chiefeater.com index and Best-Of pages, trawled 29 July 2026. Area as stated by the site; food type inferred; address, phone and hours not verified.
A7: 6 | B7: Hotpot | C7: Daxia KL (大侠炭火羊腩煲 KL） | D7: Kuala Lumpur | E7: - | F7: OKR Auto City, Lot 4426F, Jln Klang Lama, 58000 Kuala Lumpur, Wilayah Persekutuan Kuala Lumpur, Malaysia | G7: 60 12-615 6077 | H7: - | I7: - | J7: - | K7: - | L7: - | N7: Malaysia Chiak (Mar 2024) | O7: From the Malaysia Chiak list (Mar 2024) - address, hours and contact not independently verified.
A8: 7 | B8: Hotpot | C8: Diao Yu Tai Hotpot | D8: (state not stated) | E8: - | F8: - | G8: - | H8: - | I8: - | J8: - | K8: - | L8: - | N8: Malaysia Chiak (Mar 2024) | O8: From the Malaysia Chiak list (Mar 2024) - address, hours and contact not independently verified.
A9: 8 | B9: Hotpot | C9: FWF Hot Pot | D9: (state not stated) | E9: - | F9: - | G9: - | H9: - | I9: - | J9: - | K9: - | L9: - | N9: Malaysia Chiak (Mar 2024) | O9: From the Malaysia Chiak list (Mar 2024) - address, hours and contact not independently verified.
A10: 9 | B10: Hotpot | C10: Fei Fan Hotpot | D10: (state not stated) | E10: - | F10: - | G10: - | H10: - | I10: - | J10: - | K10: - | L10: - | N10: Malaysia Chiak (Mar 2024) | O10: From the Malaysia Chiak list (Mar 2024) - address, hours and contact not independently verified.
A11: 10 | B11: Hotpot | C11: Fu Pot | D11: Kuala Lumpur | E11: - | F11: TS Law Tower Level 13, No 39 Jalan Kemuning, Imbi, 55100 Kuala Lumpur, | G11: - | H11: - | I11: - | J11: - | K11: - | L11: - | N11: Malaysia Chiak (Mar 2024) | O11: From the Malaysia Chiak list (Mar 2024) - address, hours and contact not independently verified.
A12: 11 | B12: Hotpot | C12: Gan Jiong Lala Pot | D12: Selangor | E12: - | F12: 1-G, Jalan Panglkma 1, Off Persiaran Mahkota, Bandar Mahkota, Cheras Selangor | G12: 010-261 7678 | H12: - | I12: - | J12: - | K12: - | L12: - | N12: Malaysia Chiak (Mar 2024) | O12: From the Malaysia Chiak list (Mar 2024) - address, hours and contact not independently verified.
A13: 12 | B13: Hotpot | C13: Her Ping Hotpot | D13: (state not stated) | E13: - | F13: - | G13: - | H13: - | I13: - | J13: - | K13: - | L13: - | N13: Malaysia Chiak (Mar 2024) | O13: From the Malaysia Chiak list (Mar 2024) - address, hours and contact not independently verified.
A14: 13 | B14: Hotpot | C14: Hong Jia Lao Go | D14: (state not stated) | E14: - | F14: 94 & 96, Sri Edaran Light Industrial Park, Jalan Metro Perdana Barat 13, Kepong 52100 | G14: 010-5451892 | H14: - | I14: - | J14: - | K14: - | L14: - | N14: Malaysia Chiak (Mar 2024) | O14: From the Malaysia Chiak list (Mar 2024) - address, hours and contact not independently verified.
A15: 14 | B15: Hotpot | C15: Jomkitajia Cozy Hotpot | D15: (state not stated) | E15: - | F15: B-G, 11, Jalan SS6/20, Dataran Glomac 47301 Petaling Jaya | G15: 016-8047084 | H15: - | I15: - | J15: - | K15: - | L15: - | N15: Malaysia Chiak (Mar 2024) | O15: From the Malaysia Chiak list (Mar 2024) - address, hours and contact not independently verified.
A16: 15 | B16: Hotpot | C16: Lamei Hot Pot | D16: (state not stated) | E16: - | F16: - | G16: - | H16: - | I16: - | J16: - | K16: - | L16: - | N16: Malaysia Chiak (Mar 2024) | O16: From the Malaysia Chiak list (Mar 2024) - address, hours and contact not independently verified.
A17: 16 | B17: Hotpot | C17: One Dish One Taste | D17: Kuala Lumpur | E17: - | F17: H-G-11, Plaza Arkadia, Jalan Residen 3, Desa Parkcity, 52200 Kuala Lumpur, Malaysia | G17: - | H17: - | I17: - | J17: - | K17: - | L17: - | N17: Malaysia Chiak (Mar 2024) | O17: From the Malaysia Chiak list (Mar 2024) - address, hours and contact not independently verified.
... A42: 41 | B42: Steamed Fish Head | C42: Thim Kee @ Pudu | D42: (state not stated) | E42: - | F42: - | G42: - | H42: - | I42: - | J42: - | K42: - | L42: - | N42: Malaysia Chiak (Mar 2024) | O42: From the Malaysia Chiak list (Mar 2024) - address, hours and contact not independently verified.

Sheet MY · Roast Duck & Yong Tau Foo
A1: # | B1: Food Type Category | C1: Name | D1: City / State | E1: Area / Location | F1: Address | G1: Phone | H1: Typical Hours | I1: Accolades | J1: Price Guide (per pax) | K1: Instagram / Web | L1: What To Order / Signature | M1: Google Rating | N1: Source | O1: Notes
A2: 1 | B2: Roast Duck, Teochew Stewed Duck | C2: Bolton Teochew Braised Duck (潮州卤鸭) | D2: (state not stated) | E2: - | F2: Jalan Midah Besar (directly opposite Taman Midah Club) | G2: - | H2: - | I2: - | J2: - | K2: - | L2: - | N2: Malaysia Chiak (Mar 2024) | O2: From the Malaysia Chiak list (Mar 2024) - address, hours and contact not independently verified.
A3: 2 | B3: Roast Duck, Teochew Stewed Duck | C3: Dim Dou Duck @ Starling Mall | D3: (state not stated) | E3: - | F3: - | G3: - | H3: - | I3: - | J3: - | K3: - | L3: - | N3: Malaysia Chiak (Mar 2024) | O3: From the Malaysia Chiak list (Mar 2024) - address, hours and contact not independently verified.
A4: 3 | B4: Roast Duck, Teochew Stewed Duck | C4: Fatt Kee Roast Duck & Chicken Restaurant | D4: (state not stated) | E4: - | F4: - | G4: - | H4: - | I4: - | J4: - | K4: - | L4: - | N4: Malaysia Chiak (Mar 2024) | O4: From the Malaysia Chiak list (Mar 2024) - address, hours and contact not independently verified.
A5: 4 | B5: Roast Duck, Teochew Stewed Duck | C5: Jiang's Duck Restaurant | Restoran Jiang's Duck | D5: (state not stated) | E5: - | F5: - | G5: - | H5: - | I5: - | J5: - | K5: - | L5: - | N5: Malaysia Chiak (Mar 2024) | O5: From the Malaysia Chiak list (Mar 2024) - address, hours and contact not independently verified.
A6: 5 | B6: Roast Duck, Teochew Stewed Duck | C6: Jiang's Roast Duck Stall | D6: (state not stated) | E6: - | F6: - | G6: - | H6: - | I6: - | J6: - | K6: - | L6: - | N6: Malaysia Chiak (Mar 2024) | O6: From the Malaysia Chiak list (Mar 2024) - address, hours and contact not independently verified.
A7: 6 | B7: Roast Duck, Teochew Stewed Duck | C7: Kam Heong | D7: (state not stated) | E7: - | F7: No. 8, Jalan Tengah, Bandar Baru Petaling Jaya | G7: 60 12-383 5567 | H7: 3.30-9.30pm (open everyday) | I7: - | J7: - | K7: - | L7: - | N7: Malaysia Chiak (Mar 2024) | O7: From the Malaysia Chiak list (Mar 2024) - address, hours and contact not independently verified.
A8: 7 | B8: Roast Duck, Teochew Stewed Duck | C8: Loong Foong Seafood | D8: (state not stated) | E8: - | F8: - | G8: - | H8: - | I8: - | J8: - | K8: - | L8: - | N8: Malaysia Chiak (Mar 2024) | O8: From the Malaysia Chiak list (Mar 2024) - address, hours and contact not independently verified.
A9: 8 | B9: Roast Duck, Teochew Stewed Duck | C9: Mr Duck Teowchew Braised 鸭先生潮州卤味 | D9: Kuala Lumpur | E9: - | F9: Jalan Desa Aman 1 Lot G-02, Wisma Aman Elite, EkoCheras Mall, Kuala Lumpur 56100 Malaysia | G9: 60 12-236 6688 | H9: - | I9: - | J9: - | K9: - | L9: - | N9: Malaysia Chiak (Mar 2024) | O9: From the Malaysia Chiak list (Mar 2024) - address, hours and contact not independently verified.
A10: 9 | B10: Roast Duck, Teochew Stewed Duck | C10: Mr Duck, Restoran Teow Chew H&L | D10: (state not stated) | E10: - | F10: - | G10: - | H10: - | I10: - | J10: - | K10: - | L10: - | N10: Malaysia Chiak (Mar 2024) | O10: From the Malaysia Chiak list (Mar 2024) - address, hours and contact not independently verified.
A11: 10 | B11: Roast Duck, Teochew Stewed Duck | C11: Restaurant Teochew Lao Er | D11: (state not stated) | E11: - | F11: - | G11: - | H11: - | I11: - | J11: - | K11: - | L11: - | N11: Malaysia Chiak (Mar 2024) | O11: From the Malaysia Chiak list (Mar 2024) - address, hours and contact not independently verified.
A12: 11 | B12: Roast Duck, Teochew Stewed Duck | C12: Restaurant Teochew Lao Er in Pudu | D12: (state not stated) | E12: - | F12: - | G12: - | H12: - | I12: - | J12: - | K12: - | L12: - | N12: Malaysia Chiak (Mar 2024) | O12: From the Malaysia Chiak list (Mar 2024) - address, hours and contact not independently verified.
A13: 12 | B13: Roast Duck, Teochew Stewed Duck | C13: Restaurant Teow Chew Meng | D13: (state not stated) | E13: - | F13: - | G13: - | H13: - | I13: - | J13: - | K13: - | L13: - | N13: Malaysia Chiak (Mar 2024) | O13: From the Malaysia Chiak list (Mar 2024) - address, hours and contact not independently verified.
... A33: 32 | B33: Yong Tau Foo | C33: Wah Kiow Hakka Yong Tau Foo | D33: Kuala Lumpur | E33: - | F33: Jalan Peel, Kuala Lumpur (opposite Queens Park Mall in Cheras) | G33: - | H33: - | I33: - | J33: - | K33: - | L33: - | N33: Malaysia Chiak (Mar 2024) | O33: From the Malaysia Chiak list (Mar 2024) - address, hours and contact not independently verified.

Sheet MY · Peranakan & Malay
A1: # | B1: Food Type Category | C1: Name | D1: City / State | E1: Area / Location | F1: Address | G1: Phone | H1: Typical Hours | I1: Accolades | J1: Price Guide (per pax) | K1: Instagram / Web | L1: What To Order / Signature | M1: Google Rating | N1: Source | O1: Notes
A2: 1 | B2: Peranakan & Malay | C2: Anak Baba (Brickfields) | D2: Kuala Lumpur | E2: Brickfields | F2: - | G2: - | H2: - | I2: MICHELIN Bib Gourmand 2026 (KL) | J2: - | K2: - | L2: - | N2: MICHELIN / web guides (Jul 2026) | O2: MICHELIN Guide Kuala Lumpur & Penang 2026 selection. Category inferred from the establishment name; address, phone and hours not yet verified.
A3: 2 | B3: Peranakan & Malay | C3: Auntie Gaik Lean's Old School Eatery | D3: Penang | E3: - | F3: - | G3: - | H3: - | I3: One MICHELIN star 2026 | J3: - | K3: - | L3: Nyonya cuisine | N3: MICHELIN / web guides (Jul 2026) | O3: MICHELIN Guide Kuala Lumpur & Penang 2026 selection. Category inferred from the establishment name; address, phone and hours not yet verified.
A4: 3 | B4: Peranakan & Malay | C4: Aunty Q Recipes Kitchen | D4: Penang | E4: Island 88, Tanjung Tokong | F4: - | G4: - | H4: - | I4: - | J4: RM20-RM50 per pax | K4: chiefeater.com | L4: - | N4: Chiefeater / Bangsar Babe (Jul 2026) | O4: From chiefeater.com index and Best-Of pages, trawled 29 July 2026. Area as stated by the site; food type inferred; address, phone and hours not verified.
A5: 4 | B5: Peranakan & Malay | C5: Babaloft by Nyonya Delights | D5: Selangor | E5: Petaling Jaya | F5: - | G5: - | H5: - | I5: - | J5: - | K5: bangsarbabe.com | L5: - | N5: Chiefeater / Bangsar Babe (Jul 2026) | O5: From bangsarbabe.com (Bangsar Babe), trawled 29 July 2026. Food type inferred; address, phone and hours not verified unless shown. Some entries date from earlier years - confirm the outlet is still open.
A6: 5 | B6: Peranakan & Malay | C6: Bibik's Kitchen | D6: Penang | E6: - | F6: - | G6: - | H6: - | I6: MICHELIN Bib Gourmand 2026 (Penang) | J6: - | K6: - | L6: - | N6: MICHELIN / web guides (Jul 2026) | O6: MICHELIN Guide Kuala Lumpur & Penang 2026 selection. Category inferred from the establishment name; address, phone and hours not yet verified.
A7: 6 | B7: Peranakan & Malay | C7: Congkak (Bukit Bintang) | D7: Kuala Lumpur | E7: Bukit Bintang | F7: - | G7: - | H7: - | I7: MICHELIN Bib Gourmand 2026 (KL) | J7: - | K7: - | L7: - | N7: MICHELIN / web guides (Jul 2026) | O7: MICHELIN Guide Kuala Lumpur & Penang 2026 selection. Category inferred from the establishment name; address, phone and hours not yet verified.
A8: 7 | B8: Peranakan & Malay | C8: Dancing Fish | D8: Kuala Lumpur | E8: - | F8: - | G8: - | H8: - | I8: MICHELIN Selected 2026 | J8: - | K8: - | L8: - | N8: MICHELIN / web guides (Jul 2026) | O8: MICHELIN Guide Kuala Lumpur & Penang 2026 selection. Category inferred from the establishment name; address, phone and hours not yet verified.
A9: 8 | B9: Peranakan & Malay | C9: De. Wan 1958 (Taman U Thant) | D9: Kuala Lumpur | E9: Taman U Thant | F9: - | G9: - | H9: - | I9: MICHELIN Bib Gourmand 2026 (KL) | J9: - | K9: - | L9: - | N9: MICHELIN / web guides (Jul 2026) | O9: MICHELIN Guide Kuala Lumpur & Penang 2026 selection. Category inferred from the establishment name; address, phone and hours not yet verified.
A10: 9 | B10: Peranakan & Malay | C10: Gerai Satay Wak Hassan | D10: Sabah | E10: Tawau | F10: - | G10: - | H10: - | I10: - | J10: Under RM20 per pax | K10: chiefeater.com | L10: - | N10: Chiefeater / Bangsar Babe (Jul 2026) | O10: From chiefeater.com index and Best-Of pages, trawled 29 July 2026. Area as stated by the site; food type inferred; address, phone and hours not verified.
A11: 10 | B11: Peranakan & Malay | C11: Gulainya | D11: Kuala Lumpur | E11: Damansara Heights | F11: - | G11: - | H11: - | I11: MICHELIN Bib Gourmand 2026 (KL) | J11: - | K11: - | L11: - | N11: MICHELIN / web guides (Jul 2026) | O11: MICHELIN Guide Kuala Lumpur & Penang 2026 selection. Category inferred from the establishment name; address, phone and hours not yet verified.
A12: 11 | B12: Peranakan & Malay | C12: Ivy's Nyonya Cuisine | D12: Penang | E12: - | F12: - | G12: - | H12: - | I12: MICHELIN Bib Gourmand 2026 (Penang) | J12: - | K12: - | L12: - | N12: MICHELIN / web guides (Jul 2026) | O12: MICHELIN Guide Kuala Lumpur & Penang 2026 selection. Category inferred from the establishment name; address, phone and hours not yet verified.
A13: 12 | B13: Peranakan & Malay | C13: Kak Som | D13: Kuala Lumpur | E13: KL / PJ | F13: - | G13: - | H13: - | I13: - | J13: - | K13: chiefeater.com | L13: - | N13: Chiefeater / Bangsar Babe (Jul 2026) | O13: From chiefeater.com index and Best-Of pages, trawled 29 July 2026. Area as stated by the site; food type inferred; address, phone and hours not verified.
... A27: 26 | B27: Peranakan & Malay | C27: The Secret Foodsmith | D27: Kuala Lumpur | E27: Taman Desa | F27: - | G27: - | H27: - | I27: - | J27: - | K27: chiefeater.com | L27: - | N27: Chiefeater / Bangsar Babe (Jul 2026) | O27: From chiefeater.com index and Best-Of pages, trawled 29 July 2026. Area as stated by the site; food type inferred; address, phone and hours not verified.

Sheet MY · Indian & South Asian
A1: # | B1: Food Type Category | C1: Name | D1: City / State | E1: Area / Location | F1: Address | G1: Phone | H1: Typical Hours | I1: Accolades | J1: Price Guide (per pax) | K1: Instagram / Web | L1: What To Order / Signature | M1: Google Rating | N1: Source | O1: Notes
A2: 1 | B2: Indian & South Asian | C2: Aliyaa | D2: Kuala Lumpur | E2: - | F2: - | G2: - | H2: - | I2: MICHELIN Bib Gourmand 2026 (KL) | J2: - | K2: - | L2: - | N2: MICHELIN / web guides (Jul 2026) | O2: MICHELIN Guide Kuala Lumpur & Penang 2026 selection. Category inferred from the establishment name; address, phone and hours not yet verified.
A3: 2 | B3: Indian & South Asian | C3: Andhra Banana Leaf | D3: Kuala Lumpur | E3: Bangsar | F3: - | G3: - | H3: - | I3: - | J3: - | K3: chiefeater.com | L3: - | N3: Chiefeater / Bangsar Babe (Jul 2026) | O3: From chiefeater.com index and Best-Of pages, trawled 29 July 2026. Area as stated by the site; food type inferred; address, phone and hours not verified.
A4: 3 | B4: Indian & South Asian | C4: Bala's Banana Leaf | D4: Kuala Lumpur | E4: Bangsar | F4: - | G4: - | H4: - | I4: - | J4: - | K4: bangsarbabe.com | L4: Banana leaf rice | N4: Chiefeater / Bangsar Babe (Jul 2026) | O4: From bangsarbabe.com (Bangsar Babe), trawled 29 July 2026. Food type inferred; address, phone and hours not verified unless shown. Some entries date from earlier years - confirm the outlet is still open.
A5: 4 | B5: Indian & South Asian | C5: Briyani Mak | D5: Kuala Lumpur | E5: Setapak | F5: - | G5: - | H5: - | I5: - | J5: - | K5: chiefeater.com | L5: - | N5: Chiefeater / Bangsar Babe (Jul 2026) | O5: From chiefeater.com index and Best-Of pages, trawled 29 July 2026. Area as stated by the site; food type inferred; address, phone and hours not verified.
A6: 5 | B6: Indian & South Asian | C6: Coast by Kayra | D6: Kuala Lumpur | E6: - | F6: - | G6: - | H6: - | I6: MICHELIN Bib Gourmand 2026 (KL) | J6: - | K6: - | L6: - | N6: MICHELIN / web guides (Jul 2026) | O6: MICHELIN Guide Kuala Lumpur & Penang 2026 selection. Category inferred from the establishment name; address, phone and hours not yet verified.
A7: 6 | B7: Indian & South Asian | C7: Devi's Corner | D7: Kuala Lumpur | E7: Bangsar | F7: - | G7: - | H7: - | I7: - | J7: - | K7: bangsarbabe.com | L7: Banana leaf rice | N7: Chiefeater / Bangsar Babe (Jul 2026) | O7: From bangsarbabe.com (Bangsar Babe), trawled 29 July 2026. Food type inferred; address, phone and hours not verified unless shown. Some entries date from earlier years - confirm the outlet is still open.
A8: 7 | B8: Indian & South Asian | C8: FLOUR Kuala Lumpur | D8: Kuala Lumpur | E8: - | F8: - | G8: - | H8: - | I8: - | J8: - | K8: bangsarbabe.com | L8: Chef Yogi; modern Indian | N8: Chiefeater / Bangsar Babe (Jul 2026) | O8: From bangsarbabe.com (Bangsar Babe), trawled 29 July 2026. Food type inferred; address, phone and hours not verified unless shown. Some entries date from earlier years - confirm the outlet is still open.
A9: 8 | B9: Indian & South Asian | C9: Indian Kitchen | D9: Kuala Lumpur | E9: Bangsar Baru | F9: - | G9: - | H9: - | I9: - | J9: - | K9: bangsarbabe.com | L9: - | N9: Chiefeater / Bangsar Babe (Jul 2026) | O9: From bangsarbabe.com (Bangsar Babe), trawled 29 July 2026. Food type inferred; address, phone and hours not verified unless shown. Some entries date from earlier years - confirm the outlet is still open.
A10: 9 | B10: Indian & South Asian | C10: Jwala | D10: Kuala Lumpur | E10: - | F10: - | G10: - | H10: - | I10: MICHELIN Selected 2026 | J10: - | K10: - | L10: - | N10: MICHELIN / web guides (Jul 2026) | O10: MICHELIN Guide Kuala Lumpur & Penang 2026 selection. Category inferred from the establishment name; address, phone and hours not yet verified.
A11: 10 | B11: Indian & South Asian | C11: Karaikudi Chettinadu | D11: Kuala Lumpur | E11: Masjid Jamek | F11: - | G11: - | H11: - | I11: - | J11: - | K11: chiefeater.com | L11: - | N11: Chiefeater / Bangsar Babe (Jul 2026) | O11: From chiefeater.com index and Best-Of pages, trawled 29 July 2026. Area as stated by the site; food type inferred; address, phone and hours not verified.
A12: 11 | B12: Indian & South Asian | C12: Kayra | D12: Kuala Lumpur | E12: - | F12: - | G12: - | H12: - | I12: MICHELIN Selected 2026 | J12: - | K12: - | L12: - | N12: MICHELIN / web guides (Jul 2026) | O12: MICHELIN Guide Kuala Lumpur & Penang 2026 selection. Category inferred from the establishment name; address, phone and hours not yet verified.
A13: 12 | B13: Indian & South Asian | C13: Leaf Dining | D13: Selangor | E13: Solaris Mont Kiara | F13: - | G13: - | H13: - | I13: - | J13: - | K13: bangsarbabe.com | L13: South Indian | N13: Chiefeater / Bangsar Babe (Jul 2026) | O13: From bangsarbabe.com (Bangsar Babe), trawled 29 July 2026. Food type inferred; address, phone and hours not verified unless shown. Some entries date from earlier years - confirm the outlet is still open.
... A28: 27 | B28: Indian & South Asian | C28: Vanakam India | D28: Kuala Lumpur | E28: Sentul | F28: - | G28: - | H28: - | I28: - | J28: - | K28: chiefeater.com | L28: - | N28: Chiefeater / Bangsar Babe (Jul 2026) | O28: From chiefeater.com index and Best-Of pages, trawled 29 July 2026. Area as stated by the site; food type inferred; address, phone and hours not verified.

Sheet MY · Tai Chow & Kopitiam
A1: # | B1: Food Type Category | C1: Name | D1: City / State | E1: Area / Location | F1: Address | G1: Phone | H1: Typical Hours | I1: Accolades | J1: Price Guide (per pax) | K1: Instagram / Web | L1: What To Order / Signature | M1: Google Rating | N1: Source | O1: Notes
A2: 1 | B2: KSHF (Kopitiam / Street Hawker Fare) | C2: 103 Coffee | D2: Kuala Lumpur | E2: Sri Petaling | F2: - | G2: - | H2: - | I2: - | J2: - | K2: chiefeater.com | L2: - | N2: Chiefeater / Bangsar Babe (Jul 2026) | O2: From chiefeater.com index and Best-Of pages, trawled 29 July 2026. Area as stated by the site; food type inferred; address, phone and hours not verified.
A3: 2 | B3: KSHF (Kopitiam / Street Hawker Fare) | C3: 26 Kopitiam KSHF Kepong | D3: (state not stated) | E3: - | F3: - | G3: - | H3: - | I3: - | J3: - | K3: - | L3: - | N3: Malaysia Chiak (Mar 2024) | O3: From the Malaysia Chiak list (Mar 2024) - address, hours and contact not independently verified.
A4: 3 | B4: KSHF (Kopitiam / Street Hawker Fare) | C4: 6, Jalan Jinjang Aman 2, Jinjang Utara, 52000 Kuala Lumpur, Wilayah Persekutuan Kuala Lumpur | D4: (state not stated) | E4: - | F4: - | G4: - | H4: - | I4: - | J4: - | K4: - | L4: - | N4: Malaysia Chiak (Mar 2024) | O4: From the Malaysia Chiak list (Mar 2024) - address, hours and contact not independently verified.
A5: 4 | B5: KSHF (Kopitiam / Street Hawker Fare) | C5: 7-Chai Ipoh Hor Fun | D5: (state not stated) | E5: - | F5: - | G5: - | H5: - | I5: - | J5: - | K5: - | L5: Pandan Perdana | N5: Malaysia Chiak (Mar 2024) | O5: From the Malaysia Chiak list (Mar 2024) - address, hours and contact not independently verified.
A6: 5 | B6: KSHF (Kopitiam / Street Hawker Fare) | C6: Bee Hwa Cafe | D6: Penang | E6: - | F6: - | G6: - | H6: - | I6: MICHELIN Bib Gourmand 2026 (Penang) | J6: - | K6: - | L6: - | N6: MICHELIN / web guides (Jul 2026) | O6: MICHELIN Guide Kuala Lumpur & Penang 2026 selection. Category inferred from the establishment name; address, phone and hours not yet verified.
A7: 6 | B7: KSHF (Kopitiam / Street Hawker Fare) | C7: Best Ah Ma Cafe | D7: Kuala Lumpur | E7: Pudu | F7: - | G7: - | H7: - | I7: - | J7: - | K7: chiefeater.com | L7: - | N7: Chiefeater / Bangsar Babe (Jul 2026) | O7: From chiefeater.com index and Best-Of pages, trawled 29 July 2026. Area as stated by the site; food type inferred; address, phone and hours not verified.
A8: 7 | B8: KSHF (Kopitiam / Street Hawker Fare) | C8: Ching Kee @ Petaling Street | D8: (state not stated) | E8: - | F8: - | G8: - | H8: - | I8: - | J8: - | K8: - | L8: - | N8: Malaysia Chiak (Mar 2024) | O8: From the Malaysia Chiak list (Mar 2024) - address, hours and contact not independently verified.
A9: 8 | B9: KSHF (Kopitiam / Street Hawker Fare) | C9: Choon Guan Hainan Coffee | D9: Selangor | E9: Bukit Raja, Klang | F9: - | G9: - | H9: - | I9: - | J9: - | K9: bangsarbabe.com | L9: - | N9: Chiefeater / Bangsar Babe (Jul 2026) | O9: From bangsarbabe.com (Bangsar Babe), trawled 29 July 2026. Food type inferred; address, phone and hours not verified unless shown. Some entries date from earlier years - confirm the outlet is still open.
A10: 9 | B10: KSHF (Kopitiam / Street Hawker Fare) | C10: Curry Chee Cheong Fun (Wai Sek Kai) | D10: Kuala Lumpur | E10: Wai Sek Kai, Pudu | F10: Wai Sek Kai, Jalan Sayur, off Jalan Pudu, 55100 Kuala Lumpur | G10: - | H10: Daily 16:00-22:30 | I10: - | J10: - | K10: sethlui.com | L10: Curry pig skin chee cheong fun (RM8) or plain curry chee cheong fun (RM6). Family-run for five decades. | N10: SETHLUI.com (Jul 2026) | O10: From sethlui.com, trawled 29 July 2026. Address, phone and hours as published by the site; food type inferred from the dish.
A11: 10 | B11: KSHF (Kopitiam / Street Hawker Fare) | C11: Dudu Yummy KSHF | D11: (state not stated) | E11: - | F11: - | G11: - | H11: - | I11: - | J11: - | K11: - | L11: - | N11: Malaysia Chiak (Mar 2024) | O11: From the Malaysia Chiak list (Mar 2024) - address, hours and contact not independently verified.
A12: 11 | B12: KSHF (Kopitiam / Street Hawker Fare) | C12: Foong Lian | D12: Kuala Lumpur | E12: - | F12: - | G12: - | H12: - | I12: MICHELIN Bib Gourmand 2026 (KL) | J12: - | K12: - | L12: - | N12: MICHELIN / web guides (Jul 2026) | O12: MICHELIN Guide Kuala Lumpur & Penang 2026 selection. Category inferred from the establishment name; address, phone and hours not yet verified.
A13: 12 | B13: KSHF (Kopitiam / Street Hawker Fare) | C13: Fortune Mountain Kopitiam | D13: (state not stated) | E13: - | F13: - | G13: - | H13: - | I13: - | J13: - | K13: - | L13: - | N13: Malaysia Chiak (Mar 2024) | O13: From the Malaysia Chiak list (Mar 2024) - address, hours and contact not independently verified.
... A169: 168 | B169: Taichow Spots | C169: Zheng Ji, Cheras | D169: (state not stated) | E169: - | F169: - | G169: - | H169: - | I169: - | J169: - | K169: - | L169: - | N169: Malaysia Chiak (Mar 2024) | O169: From the Malaysia Chiak list (Mar 2024) - address, hours and contact not independently verified.

Sheet MY · Snacks, Kueh & Desserts
A1: # | B1: Food Type Category | C1: Name | D1: City / State | E1: Area / Location | F1: Address | G1: Phone | H1: Typical Hours | I1: Accolades | J1: Price Guide (per pax) | K1: Instagram / Web | L1: What To Order / Signature | M1: Google Rating | N1: Source | O1: Notes
A2: 1 | B2: Snacks, Kueh & Desserts | C2: BM Cathay Pancake | D2: Penang | E2: Bukit Mertajam | F2: - | G2: - | H2: - | I2: MICHELIN Bib Gourmand 2026 (Penang) | J2: - | K2: - | L2: - | N2: MICHELIN / web guides (Jul 2026) | O2: MICHELIN Guide Kuala Lumpur & Penang 2026 selection. Category inferred from the establishment name; address, phone and hours not yet verified.
A3: 2 | B3: Snacks, Kueh & Desserts | C3: Big Mom Beancurd | D3: Perak | E3: Ipoh | F3: - | G3: - | H3: - | I3: - | J3: - | K3: bangsarbabe.com | L3: Soya beancurd | N3: Chiefeater / Bangsar Babe (Jul 2026) | O3: From bangsarbabe.com (Bangsar Babe), trawled 29 July 2026. Food type inferred; address, phone and hours not verified unless shown. Some entries date from earlier years - confirm the outlet is still open.
